"source","question_id","selector_code","selector_match","outline_code","source_outline_code","coverage_group","correct_percent","subject","subtopic","key","path","pilot_question_status","has_finished_transform"
"ccg_finished","20714","43020201","exact","43020201","43020201","standing_ripeness_mootness_gate",,"CONSTITUTIONAL_LAW","Standing",,"C:\CCG\Finished\CQ20714.md","transformed_exact","True"
"foc_finished","14293","43020201","exact","43020201","43020201","standing_ripeness_mootness_gate",,"CONSTITUTIONAL_LAW","Constitutional limitations and justiciability","B","C:\FOC\Workspace\Finished\CQ14293.md","transformed_exact","True"
"foc_finished","14294","43020201","exact","43020201","43020201","standing_ripeness_mootness_gate",,"CONSTITUTIONAL_LAW","Judicial Review","B","C:\FOC\Workspace\Finished\CQ14294.md","transformed_exact","True"
"foc_finished","20714","43020201","exact","43020201","43020201","standing_ripeness_mootness_gate",,"CONSTITUTIONAL_LAW","Standing","D","C:\FOC\Workspace\Finished\CQ20714_updated.md","transformed_exact","True"
"foc_finished","20714","43020201","exact","43020201","43020201","standing_ripeness_mootness_gate",,"CONSTITUTIONAL_LAW","Standing",,"C:\FOC\Workspace\Finished\CQ20714.md","transformed_exact","True"
"foc_finished","22590","43020201","exact","43020201","43020201","standing_ripeness_mootness_gate",,"CONSTITUTIONAL_LAW","Constitutional limitations and justiciability","A","C:\FOC\Workspace\Finished\CQ22590.md","transformed_exact","True"
"foc_finished","22611","43020201","exact","43020201","43020201","standing_ripeness_mootness_gate",,"CONSTITUTIONAL_LAW","Constitutional limitations and justiciability","C","C:\FOC\Workspace\Finished\CQ22611.md","transformed_exact","True"
"foc_qbank","14293","43020201","exact","43020201","43020201","standing_ripeness_mootness_gate",,"Constitutional Law","Judicial Review","C","C:\FOC\Workspace\QBank\14293.md","in_scope_exact","True"
"foc_qbank","14294","43020201","exact","43020201","43020201","standing_ripeness_mootness_gate",,"Constitutional Law","Judicial Review","C","C:\FOC\Workspace\QBank\14294.md","in_scope_exact","True"
"foc_qbank","14296","43020201","exact","43020201","43020201","standing_ripeness_mootness_gate",,"Constitutional Law","Judicial Review","A","C:\FOC\Workspace\QBank\14296.md","in_scope_exact","False"
"foc_qbank","14297","43020201","exact","43020201","43020201","standing_ripeness_mootness_gate",,"Constitutional Law","Judicial Review","D","C:\FOC\Workspace\QBank\14297.md","in_scope_exact","False"
"foc_qbank","14298","43020201","exact","43020201","43020201","standing_ripeness_mootness_gate",,"Constitutional Law","Judicial Review","A","C:\FOC\Workspace\QBank\14298.md","in_scope_exact","False"
"foc_qbank","14299","43020201","exact","43020201","43020201","standing_ripeness_mootness_gate",,"Constitutional Law","Judicial Review","B","C:\FOC\Workspace\QBank\14299.md","in_scope_exact","False"
"foc_qbank","14300","43020201","exact","43020201","43020201","standing_ripeness_mootness_gate",,"Constitutional Law","Judicial Review","A","C:\FOC\Workspace\QBank\14300.md","in_scope_exact","False"
"foc_qbank","14301","43020201","exact","43020201","43020201","standing_ripeness_mootness_gate",,"Constitutional Law","Judicial Review","D","C:\FOC\Workspace\QBank\14301.md","in_scope_exact","False"
"foc_qbank","14302","43020201","exact","43020201","43020201","standing_ripeness_mootness_gate",,"Constitutional Law","Judicial Review","C","C:\FOC\Workspace\QBank\14302.md","in_scope_exact","False"
"foc_qbank","14303","43020201","exact","43020201","43020201","standing_ripeness_mootness_gate",,"Constitutional Law","Judicial Review","C","C:\FOC\Workspace\QBank\14303.md","in_scope_exact","False"
"foc_qbank","14304","43020201","exact","43020201","43020201","standing_ripeness_mootness_gate",,"Constitutional Law","Judicial Review","A","C:\FOC\Workspace\QBank\14304.md","in_scope_exact","False"
"foc_qbank","14305","43020201","exact","43020201","43020201","standing_ripeness_mootness_gate",,"Constitutional Law","Judicial Review","C","C:\FOC\Workspace\QBank\14305.md","in_scope_exact","False"
"foc_qbank","14306","43020201","exact","43020201","43020201","standing_ripeness_mootness_gate",,"Constitutional Law","Judicial Review","B","C:\FOC\Workspace\QBank\14306.md","in_scope_exact","False"
"foc_qbank","17021","43020201","exact","43020201","43020201","standing_ripeness_mootness_gate",,"Constitutional Law","Judicial Review","A","C:\FOC\Workspace\QBank\17021.md","in_scope_exact","False"
"foc_qbank","17215","43020201","exact","43020201","43020201","standing_ripeness_mootness_gate",,"Constitutional Law","Judicial Review","A","C:\FOC\Workspace\QBank\17215.md","in_scope_exact","False"
"foc_qbank","17223","43020201","exact","43020201","43020201","standing_ripeness_mootness_gate",,"Constitutional Law","Judicial Review","A","C:\FOC\Workspace\QBank\17223.md","in_scope_exact","False"
"foc_qbank","17307","43020201","exact","43020201","43020201","standing_ripeness_mootness_gate",,"Constitutional Law","Judicial Review","A","C:\FOC\Workspace\QBank\17307.md","in_scope_exact","False"
"foc_qbank","17326","43020201","exact","43020201","43020201","standing_ripeness_mootness_gate",,"Constitutional Law","Judicial Review","A","C:\FOC\Workspace\QBank\17326.md","in_scope_exact","False"
"foc_qbank","17439","43020201","exact","43020201","43020201","standing_ripeness_mootness_gate",,"Constitutional Law","Judicial Review","C","C:\FOC\Workspace\QBank\17439.md","in_scope_exact","False"
"foc_qbank","17461","43020201","exact","43020201","43020201","standing_ripeness_mootness_gate",,"Constitutional Law","Judicial Review","A","C:\FOC\Workspace\QBank\17461.md","in_scope_exact","False"
"foc_qbank","17485","43020201","exact","43020201","43020201","standing_ripeness_mootness_gate",,"Constitutional Law","Judicial Review","B","C:\FOC\Workspace\QBank\17485.md","in_scope_exact","False"
"foc_qbank","17563","43020201","exact","43020201","43020201","standing_ripeness_mootness_gate",,"Constitutional Law","Judicial Review","C","C:\FOC\Workspace\QBank\17563.md","in_scope_exact","False"
"foc_qbank","17643","43020201","exact","43020201","43020201","standing_ripeness_mootness_gate",,"Constitutional Law","Judicial Review","A","C:\FOC\Workspace\QBank\17643.md","in_scope_exact","False"
"foc_qbank","17784","43020201","exact","43020201","43020201","standing_ripeness_mootness_gate",,"Constitutional Law","Judicial Review","C","C:\FOC\Workspace\QBank\17784.md","in_scope_exact","False"
"foc_qbank","17800","43020201","exact","43020201","43020201","standing_ripeness_mootness_gate",,"Constitutional Law","Judicial Review","A","C:\FOC\Workspace\QBank\17800.md","in_scope_exact","False"
"foc_qbank","17813","43020201","exact","43020201","43020201","standing_ripeness_mootness_gate",,"Constitutional Law","Judicial Review","B","C:\FOC\Workspace\QBank\17813.md","in_scope_exact","False"
"foc_qbank","17995","43020201","exact","43020201","43020201","standing_ripeness_mootness_gate",,"Constitutional Law","Judicial Review","C","C:\FOC\Workspace\QBank\17995.md","in_scope_exact","False"
"foc_qbank","18137","43020201","exact","43020201","43020201","standing_ripeness_mootness_gate",,"Constitutional Law","Judicial Review","D","C:\FOC\Workspace\QBank\18137.md","in_scope_exact","False"
"foc_qbank","18157","43020201","exact","43020201","43020201","standing_ripeness_mootness_gate",,"Constitutional Law","Judicial Review","B","C:\FOC\Workspace\QBank\18157.md","in_scope_exact","False"
"foc_qbank","18203","43020201","exact","43020201","43020201","standing_ripeness_mootness_gate",,"Constitutional Law","Judicial Review","C","C:\FOC\Workspace\QBank\18203.md","in_scope_exact","False"
"foc_qbank","18275","43020201","exact","43020201","43020201","standing_ripeness_mootness_gate",,"Constitutional Law","Judicial Review","D","C:\FOC\Workspace\QBank\18275.md","in_scope_exact","False"
"foc_qbank","18392","43020201","exact","43020201","43020201","standing_ripeness_mootness_gate",,"Constitutional Law","Judicial Review","C","C:\FOC\Workspace\QBank\18392.md","in_scope_exact","False"
"foc_qbank","18446","43020201","exact","43020201","43020201","standing_ripeness_mootness_gate",,"Constitutional Law","Judicial Review","A","C:\FOC\Workspace\QBank\18446.md","in_scope_exact","False"
"foc_qbank","18460","43020201","exact","43020201","43020201","standing_ripeness_mootness_gate",,"Constitutional Law","Judicial Review","A","C:\FOC\Workspace\QBank\18460.md","in_scope_exact","False"
"foc_qbank","18475","43020201","exact","43020201","43020201","standing_ripeness_mootness_gate",,"Constitutional Law","Judicial Review","B","C:\FOC\Workspace\QBank\18475.md","in_scope_exact","False"
"foc_qbank","18606","43020201","exact","43020201","43020201","standing_ripeness_mootness_gate",,"Constitutional Law","Judicial Review","A","C:\FOC\Workspace\QBank\18606.md","in_scope_exact","False"
"foc_qbank","18626","43020201","exact","43020201","43020201","standing_ripeness_mootness_gate",,"Constitutional Law","Judicial Review","A","C:\FOC\Workspace\QBank\18626.md","in_scope_exact","False"
"foc_qbank","18662","43020201","exact","43020201","43020201","standing_ripeness_mootness_gate",,"Constitutional Law","Judicial Review","A","C:\FOC\Workspace\QBank\18662.md","in_scope_exact","False"
"foc_qbank","18722","43020201","exact","43020201","43020201","standing_ripeness_mootness_gate",,"Constitutional Law","Judicial Review","C","C:\FOC\Workspace\QBank\18722.md","in_scope_exact","False"
"foc_qbank","18761","43020201","exact","43020201","43020201","standing_ripeness_mootness_gate",,"Constitutional Law","Judicial Review","B","C:\FOC\Workspace\QBank\18761.md","in_scope_exact","False"
"foc_qbank","18888","43020201","exact","43020201","43020201","standing_ripeness_mootness_gate",,"Constitutional Law","Judicial Review","D","C:\FOC\Workspace\QBank\18888.md","in_scope_exact","False"
"foc_qbank","18926","43020201","exact","43020201","43020201","standing_ripeness_mootness_gate",,"Constitutional Law","Judicial Review","A","C:\FOC\Workspace\QBank\18926.md","in_scope_exact","False"
"foc_qbank","19059","43020201","exact","43020201","43020201","standing_ripeness_mootness_gate",,"Constitutional Law","Judicial Review","A","C:\FOC\Workspace\QBank\19059.md","in_scope_exact","False"
"foc_qbank","19071","43020201","exact","43020201","43020201","standing_ripeness_mootness_gate",,"Constitutional Law","Judicial Review","C","C:\FOC\Workspace\QBank\19071.md","in_scope_exact","False"
"foc_qbank","19088","43020201","exact","43020201","43020201","standing_ripeness_mootness_gate",,"Constitutional Law","Judicial Review","D","C:\FOC\Workspace\QBank\19088.md","in_scope_exact","False"
"foc_qbank","19181","43020201","exact","43020201","43020201","standing_ripeness_mootness_gate",,"Constitutional Law","Judicial Review","A","C:\FOC\Workspace\QBank\19181.md","in_scope_exact","False"
"foc_qbank","19302","43020201","exact","43020201","43020201","standing_ripeness_mootness_gate",,"Constitutional Law","Judicial Review","A","C:\FOC\Workspace\QBank\19302.md","in_scope_exact","False"
"foc_qbank","19388","43020201","exact","43020201","43020201","standing_ripeness_mootness_gate",,"Constitutional Law","Judicial Review","C","C:\FOC\Workspace\QBank\19388.md","in_scope_exact","False"
"foc_qbank","19441","43020201","exact","43020201","43020201","standing_ripeness_mootness_gate",,"Constitutional Law","Judicial Review","C","C:\FOC\Workspace\QBank\19441.md","in_scope_exact","False"
"foc_qbank","19457","43020201","exact","43020201","43020201","standing_ripeness_mootness_gate",,"Constitutional Law","Judicial Review","C","C:\FOC\Workspace\QBank\19457.md","in_scope_exact","False"
"foc_qbank","19522","43020201","exact","43020201","43020201","standing_ripeness_mootness_gate",,"Constitutional Law","Judicial Review","C","C:\FOC\Workspace\QBank\19522.md","in_scope_exact","False"
"foc_qbank","19584","43020201","exact","43020201","43020201","standing_ripeness_mootness_gate",,"Constitutional Law","Judicial Review","B","C:\FOC\Workspace\QBank\19584.md","in_scope_exact","False"
"foc_qbank","19635","43020201","exact","43020201","43020201","standing_ripeness_mootness_gate",,"Constitutional Law","Judicial Review","B","C:\FOC\Workspace\QBank\19635.md","in_scope_exact","False"
"foc_qbank","19808","43020201","exact","43020201","43020201","standing_ripeness_mootness_gate",,"Constitutional Law","Judicial Review","B","C:\FOC\Workspace\QBank\19808.md","in_scope_exact","False"
"foc_qbank","19834","43020201","exact","43020201","43020201","standing_ripeness_mootness_gate",,"Constitutional Law","Judicial Review","D","C:\FOC\Workspace\QBank\19834.md","in_scope_exact","False"
"foc_qbank","19977","43020201","exact","43020201","43020201","standing_ripeness_mootness_gate",,"Constitutional Law","Judicial Review","B","C:\FOC\Workspace\QBank\19977.md","in_scope_exact","False"
"foc_qbank","20105","43020201","exact","43020201","43020201","standing_ripeness_mootness_gate",,"Constitutional Law","Judicial Review","A","C:\FOC\Workspace\QBank\20105.md","in_scope_exact","False"
"foc_qbank","20117","43020201","exact","43020201","43020201","standing_ripeness_mootness_gate",,"Constitutional Law","Judicial Review","A","C:\FOC\Workspace\QBank\20117.md","in_scope_exact","False"
"foc_qbank","20142","43020201","exact","43020201","43020201","standing_ripeness_mootness_gate",,"Constitutional Law","Judicial Review","D","C:\FOC\Workspace\QBank\20142.md","in_scope_exact","False"
"foc_qbank","20267","43020201","exact","43020201","43020201","standing_ripeness_mootness_gate",,"Constitutional Law","Judicial Review","B","C:\FOC\Workspace\QBank\20267.md","in_scope_exact","False"
"foc_qbank","20372","43020201","exact","43020201","43020201","standing_ripeness_mootness_gate",,"Constitutional Law","Judicial Review","B","C:\FOC\Workspace\QBank\20372.md","in_scope_exact","False"
"foc_qbank","20378","43020201","exact","43020201","43020201","standing_ripeness_mootness_gate",,"Constitutional Law","Judicial Review","A","C:\FOC\Workspace\QBank\20378.md","in_scope_exact","False"
"foc_qbank","20609","43020201","exact","43020201","43020201","standing_ripeness_mootness_gate",,"Constitutional Law","Judicial Review","A","C:\FOC\Workspace\QBank\20609.md","in_scope_exact","False"
"foc_qbank","20714","43020201","exact","43020201","43020201","standing_ripeness_mootness_gate",,"Constitutional Law","Judicial Review","B","C:\FOC\Workspace\QBank\20714.md","in_scope_exact","True"
"foc_qbank","20894","43020201","exact","43020201","43020201","standing_ripeness_mootness_gate",,"Constitutional Law","Judicial Review","A","C:\FOC\Workspace\QBank\20894.md","in_scope_exact","False"
"foc_qbank","20914","43020201","exact","43020201","43020201","standing_ripeness_mootness_gate",,"Constitutional Law","Judicial Review","C","C:\FOC\Workspace\QBank\20914.md","in_scope_exact","False"
"foc_qbank","20950","43020201","exact","43020201","43020201","standing_ripeness_mootness_gate",,"Constitutional Law","Judicial Review","B","C:\FOC\Workspace\QBank\20950.md","in_scope_exact","False"
"foc_qbank","21228","43020201","exact","43020201","43020201","standing_ripeness_mootness_gate",,"Constitutional Law","Judicial Review","A","C:\FOC\Workspace\QBank\21228.md","in_scope_exact","False"
"foc_qbank","21475","43020201","exact","43020201","43020201","standing_ripeness_mootness_gate",,"Constitutional Law","Judicial Review","B","C:\FOC\Workspace\QBank\21475.md","in_scope_exact","False"
"foc_qbank","21496","43020201","exact","43020201","43020201","standing_ripeness_mootness_gate",,"Constitutional Law","Judicial Review","B","C:\FOC\Workspace\QBank\21496.md","in_scope_exact","False"
"foc_qbank","21515","43020201","exact","43020201","43020201","standing_ripeness_mootness_gate",,"Constitutional Law","Judicial Review","B","C:\FOC\Workspace\QBank\21515.md","in_scope_exact","False"
"foc_qbank","21528","43020201","exact","43020201","43020201","standing_ripeness_mootness_gate",,"Constitutional Law","Judicial Review","C","C:\FOC\Workspace\QBank\21528.md","in_scope_exact","False"
"foc_qbank","21649","43020201","exact","43020201","43020201","standing_ripeness_mootness_gate",,"Constitutional Law","Judicial Review","B","C:\FOC\Workspace\QBank\21649.md","in_scope_exact","False"
"foc_qbank","21755","43020201","exact","43020201","43020201","standing_ripeness_mootness_gate",,"Constitutional Law","Judicial Review","A","C:\FOC\Workspace\QBank\21755.md","in_scope_exact","False"
"foc_qbank","21828","43020201","exact","43020201","43020201","standing_ripeness_mootness_gate",,"Constitutional Law","Judicial Review","B","C:\FOC\Workspace\QBank\21828.md","in_scope_exact","False"
"foc_qbank","21832","43020201","exact","43020201","43020201","standing_ripeness_mootness_gate",,"Constitutional Law","Judicial Review","C","C:\FOC\Workspace\QBank\21832.md","in_scope_exact","False"
"foc_qbank","21860","43020201","exact","43020201","43020201","standing_ripeness_mootness_gate",,"Constitutional Law","Judicial Review","C","C:\FOC\Workspace\QBank\21860.md","in_scope_exact","False"
"foc_qbank","22590","43020201","exact","43020201","43020201","standing_ripeness_mootness_gate",,"Constitutional Law","Judicial Review","C","C:\FOC\Workspace\QBank\22590.md","in_scope_exact","True"
"foc_qbank","22641","43020201","exact","43020201","43020201","standing_ripeness_mootness_gate",,"Constitutional Law","Judicial Review","A","C:\FOC\Workspace\QBank\22641.md","in_scope_exact","False"
"foc_qbank","22656","43020201","exact","43020201","43020201","standing_ripeness_mootness_gate",,"Constitutional Law","Judicial Review","B","C:\FOC\Workspace\QBank\22656.md","in_scope_exact","False"
"foc_qbank","22658","43020201","exact","43020201","43020201","standing_ripeness_mootness_gate",,"Constitutional Law","Judicial Review","D","C:\FOC\Workspace\QBank\22658.md","in_scope_exact","False"
"foc_qbank","22665","43020201","exact","43020201","43020201","standing_ripeness_mootness_gate",,"Constitutional Law","Judicial Review","A","C:\FOC\Workspace\QBank\22665.md","in_scope_exact","False"
"foc_qbank","22672","43020201","exact","43020201","43020201","standing_ripeness_mootness_gate",,"Constitutional Law","Judicial Review","D","C:\FOC\Workspace\QBank\22672.md","in_scope_exact","False"
"foc_qbank","22680","43020201","exact","43020201","43020201","standing_ripeness_mootness_gate",,"Constitutional Law","Judicial Review","B","C:\FOC\Workspace\QBank\22680.md","in_scope_exact","False"
"foc_qbank","22703","43020201","exact","43020201","43020201","standing_ripeness_mootness_gate",,"Constitutional Law","Judicial Review","A","C:\FOC\Workspace\QBank\22703.md","in_scope_exact","False"
"foc_qbank","22706","43020201","exact","43020201","43020201","standing_ripeness_mootness_gate",,"Constitutional Law","Judicial Review","A","C:\FOC\Workspace\QBank\22706.md","in_scope_exact","False"
"foc_qbank","22711","43020201","exact","43020201","43020201","standing_ripeness_mootness_gate",,"Constitutional Law","Judicial Review","A","C:\FOC\Workspace\QBank\22711.md","in_scope_exact","False"
"foc_qbank","22716","43020201","exact","43020201","43020201","standing_ripeness_mootness_gate",,"Constitutional Law","Judicial Review","C","C:\FOC\Workspace\QBank\22716.md","in_scope_exact","False"
"foc_qbank","22723","43020201","exact","43020201","43020201","standing_ripeness_mootness_gate",,"Constitutional Law","Judicial Review","D","C:\FOC\Workspace\QBank\22723.md","in_scope_exact","False"
"foc_qbank","22727","43020201","exact","43020201","43020201","standing_ripeness_mootness_gate",,"Constitutional Law","Judicial Review","A","C:\FOC\Workspace\QBank\22727.md","in_scope_exact","False"
"ccg_finished","18457","44040100","exact","44040100","44040100","state_action",,"CONSTITUTIONAL_LAW","State action requirement","C","C:\CCG\Finished\CQ18457.md","transformed_exact","True"
"foc_finished","14231","44040100","exact","44040100","44040100","state_action",,"CONSTITUTIONAL_LAW","State Action Requirement","B","C:\FOC\Workspace\Finished\CQ14231.md","transformed_exact","True"
"foc_finished","14233","44040100","exact","44040100","44040100","state_action",,"CONSTITUTIONAL_LAW","State Action Requirement","A","C:\FOC\Workspace\Finished\CQ14233.md","transformed_exact","True"
"foc_finished","14237","44040100","exact","44040100","44040100","state_action",,"CONSTITUTIONAL_LAW","State Action Requirement","C","C:\FOC\Workspace\Finished\CQ14237.md","transformed_exact","True"
"foc_finished","14275","44040100","exact","44040100","44040100","state_action",,"CONSTITUTIONAL_LAW","State Action Requirement","B","C:\FOC\Workspace\Finished\CQ14275.md","transformed_exact","True"
"foc_finished","18457","44040100","exact","44040100","44040100","state_action",,"CONSTITUTIONAL_LAW","State action requirement","C","C:\FOC\Workspace\Finished\CQ18457.md","transformed_exact","True"
"foc_qbank","14237","44040100","exact","44040100","44040100","state_action",,"Constitutional Law","Individual Rights","B","C:\FOC\Workspace\QBank\14237.md","in_scope_exact","True"
"foc_qbank","14275","44040100","exact","44040100","44040100","state_action",,"Constitutional Law","Individual Rights","D","C:\FOC\Workspace\QBank\14275.md","in_scope_exact","True"
"foc_qbank","17810","44040100","exact","44040100","44040100","state_action",,"Constitutional Law","Individual Rights","A","C:\FOC\Workspace\QBank\17810.md","in_scope_exact","False"
"foc_qbank","17970","44040100","exact","44040100","44040100","state_action",,"Constitutional Law","Individual Rights","A","C:\FOC\Workspace\QBank\17970.md","in_scope_exact","False"
"foc_qbank","18397","44040100","exact","44040100","44040100","state_action",,"Constitutional Law","Individual Rights","D","C:\FOC\Workspace\QBank\18397.md","in_scope_exact","False"
"foc_qbank","19007","44040100","exact","44040100","44040100","state_action",,"Constitutional Law","Individual Rights","D","C:\FOC\Workspace\QBank\19007.md","in_scope_exact","False"
"foc_qbank","20977","44040100","exact","44040100","44040100","state_action",,"Constitutional Law","Individual Rights","A","C:\FOC\Workspace\QBank\20977.md","in_scope_exact","False"
"foc_qbank","22614","44040100","exact","44040100","44040100","state_action",,"Constitutional Law","Individual Rights","D","C:\FOC\Workspace\QBank\22614.md","in_scope_exact","False"
"foc_qbank","22729","44040100","exact","44040100","44040100","state_action",,"Constitutional Law","Individual Rights","C","C:\FOC\Workspace\QBank\22729.md","in_scope_exact","False"
"ccg_finished","17114","44040200","child_code","44040201","44040201","due_process_equal_protection_routing",,"CONSTITUTIONAL_LAW","Incorporation of the Excessive Fines Clause through the Fourteenth Amendment","C","C:\CCG\Finished\CQ17114.md","transformed_child_code","True"
"foc_finished","17114","44040200","child_code","44040201","44040201","due_process_equal_protection_routing",,"CONSTITUTIONAL_LAW","Incorporation of the Excessive Fines Clause through the Fourteenth Amendment","C","C:\FOC\Workspace\Finished\CQ17114.md","transformed_child_code","True"
"foc_qbank","14268","44040200","child_code","44040201","44040201","due_process_equal_protection_routing",,"Constitutional Law","Individual Rights","A","C:\FOC\Workspace\QBank\14268.md","in_scope_child_code","False"
"foc_qbank","17114","44040200","child_code","44040201","44040201","due_process_equal_protection_routing",,"Constitutional Law","Individual Rights","B","C:\FOC\Workspace\QBank\17114.md","in_scope_child_code","True"
"foc_qbank","17163","44040200","child_code","44040201","44040201","due_process_equal_protection_routing",,"Constitutional Law","Individual Rights","B","C:\FOC\Workspace\QBank\17163.md","in_scope_child_code","True"
"foc_qbank","17637","44040200","child_code","44040201","44040201","due_process_equal_protection_routing",,"Constitutional Law","Individual Rights","B","C:\FOC\Workspace\QBank\17637.md","in_scope_child_code","False"
"foc_qbank","17906","44040200","child_code","44040201","44040201","due_process_equal_protection_routing",,"Constitutional Law","Individual Rights","B","C:\FOC\Workspace\QBank\17906.md","in_scope_child_code","False"
"foc_qbank","17942","44040200","child_code","44040201","44040201","due_process_equal_protection_routing",,"Constitutional Law","Individual Rights","A","C:\FOC\Workspace\QBank\17942.md","in_scope_child_code","False"
"foc_qbank","18245","44040200","child_code","44040201","44040201","due_process_equal_protection_routing",,"Constitutional Law","Individual Rights","B","C:\FOC\Workspace\QBank\18245.md","in_scope_child_code","False"
"foc_qbank","18751","44040200","child_code","44040201","44040201","due_process_equal_protection_routing",,"Constitutional Law","Individual Rights","C","C:\FOC\Workspace\QBank\18751.md","in_scope_child_code","False"
"foc_qbank","18874","44040200","child_code","44040201","44040201","due_process_equal_protection_routing",,"Constitutional Law","Individual Rights","C","C:\FOC\Workspace\QBank\18874.md","in_scope_child_code","False"
"foc_qbank","19084","44040200","child_code","44040201","44040201","due_process_equal_protection_routing",,"Constitutional Law","Individual Rights","A","C:\FOC\Workspace\QBank\19084.md","in_scope_child_code","False"
"foc_qbank","19087","44040200","child_code","44040201","44040201","due_process_equal_protection_routing",,"Constitutional Law","Individual Rights","A","C:\FOC\Workspace\QBank\19087.md","in_scope_child_code","False"
"foc_qbank","19280","44040200","child_code","44040201","44040201","due_process_equal_protection_routing",,"Constitutional Law","Individual Rights","B","C:\FOC\Workspace\QBank\19280.md","in_scope_child_code","True"
"foc_qbank","19404","44040200","child_code","44040201","44040201","due_process_equal_protection_routing",,"Constitutional Law","Individual Rights","A","C:\FOC\Workspace\QBank\19404.md","in_scope_child_code","False"
"foc_qbank","19496","44040200","child_code","44040201","44040201","due_process_equal_protection_routing",,"Constitutional Law","Individual Rights","B","C:\FOC\Workspace\QBank\19496.md","in_scope_child_code","False"
"foc_qbank","19945","44040200","child_code","44040201","44040201","due_process_equal_protection_routing",,"Constitutional Law","Individual Rights","A","C:\FOC\Workspace\QBank\19945.md","in_scope_child_code","False"
"foc_qbank","20158","44040200","child_code","44040201","44040201","due_process_equal_protection_routing",,"Constitutional Law","Individual Rights","A","C:\FOC\Workspace\QBank\20158.md","in_scope_child_code","False"
"foc_qbank","20330","44040200","child_code","44040201","44040201","due_process_equal_protection_routing",,"Constitutional Law","Individual Rights","B","C:\FOC\Workspace\QBank\20330.md","in_scope_child_code","True"
"foc_qbank","21639","44040200","child_code","44040201","44040201","due_process_equal_protection_routing",,"Constitutional Law","Individual Rights","B","C:\FOC\Workspace\QBank\21639.md","in_scope_child_code","False"
"foc_qbank","21643","44040200","child_code","44040201","44040201","due_process_equal_protection_routing",,"Constitutional Law","Individual Rights","B","C:\FOC\Workspace\QBank\21643.md","in_scope_child_code","False"
"foc_qbank","21709","44040200","child_code","44040201","44040201","due_process_equal_protection_routing",,"Constitutional Law","Individual Rights","C","C:\FOC\Workspace\QBank\21709.md","in_scope_child_code","False"
"ccg_finished","21848","44040200","child_code","44040202","44040202","due_process_equal_protection_routing",,"CONSTITUTIONAL_LAW","Family Liberty",,"C:\CCG\Finished\CQ21848.md","transformed_child_code","True"
"foc_finished","19280","44040200","child_code","44040202","44040202","due_process_equal_protection_routing",,"CONSTITUTIONAL_LAW","Punitive Damages","D","C:\FOC\Workspace\Finished\CQ19280.md","transformed_child_code","True"
"foc_finished","21848","44040200","child_code","44040202","44040202","due_process_equal_protection_routing",,"CONSTITUTIONAL_LAW","Family Liberty",,"C:\FOC\Workspace\Finished\CQ21848.md","transformed_child_code","True"
"foc_finished","21848","44040200","child_code","44040202","44040202","due_process_equal_protection_routing",,"CONSTITUTIONAL_LAW","Family Liberty","C","C:\FOC\Workspace\Finished\CQ21848_updated.md","transformed_child_code","True"
"foc_qbank","14226","44040200","child_code","44040202","44040202","due_process_equal_protection_routing",,"Constitutional Law","Individual Rights","D","C:\FOC\Workspace\QBank\14226.md","in_scope_child_code","False"
"foc_qbank","14255","44040200","child_code","44040202","44040202","due_process_equal_protection_routing",,"Constitutional Law","Individual Rights","C","C:\FOC\Workspace\QBank\14255.md","in_scope_child_code","False"
"foc_qbank","14274","44040200","child_code","44040202","44040202","due_process_equal_protection_routing",,"Constitutional Law","Individual Rights","C","C:\FOC\Workspace\QBank\14274.md","in_scope_child_code","False"
"foc_qbank","14276","44040200","child_code","44040202","44040202","due_process_equal_protection_routing",,"Constitutional Law","Individual Rights","D","C:\FOC\Workspace\QBank\14276.md","in_scope_child_code","False"
"foc_qbank","14282","44040200","child_code","44040202","44040202","due_process_equal_protection_routing",,"Constitutional Law","Individual Rights","A","C:\FOC\Workspace\QBank\14282.md","in_scope_child_code","False"
"foc_qbank","17301","44040200","child_code","44040202","44040202","due_process_equal_protection_routing",,"Constitutional Law","Individual Rights","C","C:\FOC\Workspace\QBank\17301.md","in_scope_child_code","False"
"foc_qbank","17354","44040200","child_code","44040202","44040202","due_process_equal_protection_routing",,"Constitutional Law","Individual Rights","A","C:\FOC\Workspace\QBank\17354.md","in_scope_child_code","False"
"foc_qbank","18200","44040200","child_code","44040202","44040202","due_process_equal_protection_routing",,"Constitutional Law","Individual Rights","B","C:\FOC\Workspace\QBank\18200.md","in_scope_child_code","False"
"foc_qbank","18377","44040200","child_code","44040202","44040202","due_process_equal_protection_routing",,"Constitutional Law","Individual Rights","B","C:\FOC\Workspace\QBank\18377.md","in_scope_child_code","False"
"foc_qbank","19685","44040200","child_code","44040202","44040202","due_process_equal_protection_routing",,"Constitutional Law","Individual Rights","B","C:\FOC\Workspace\QBank\19685.md","in_scope_child_code","False"
"foc_qbank","20243","44040200","child_code","44040202","44040202","due_process_equal_protection_routing",,"Constitutional Law","Individual Rights","A","C:\FOC\Workspace\QBank\20243.md","in_scope_child_code","False"
"foc_qbank","20338","44040200","child_code","44040202","44040202","due_process_equal_protection_routing",,"Constitutional Law","Individual Rights","C","C:\FOC\Workspace\QBank\20338.md","in_scope_child_code","False"
"foc_qbank","21848","44040200","child_code","44040202","44040202","due_process_equal_protection_routing",,"Constitutional Law","Individual Rights","B","C:\FOC\Workspace\QBank\21848.md","in_scope_child_code","True"
"foc_qbank","22643","44040200","child_code","44040202","44040202","due_process_equal_protection_routing",,"Constitutional Law","Individual Rights","A","C:\FOC\Workspace\QBank\22643.md","in_scope_child_code","False"
"foc_qbank","22714","44040200","child_code","44040202","44040202","due_process_equal_protection_routing",,"Constitutional Law","Individual Rights","B","C:\FOC\Workspace\QBank\22714.md","in_scope_child_code","False"
"ccg_finished","17163","44040200","child_code","44040203","44040203","due_process_equal_protection_routing",,"CONSTITUTIONAL_LAW","State Deprivation","C","C:\CCG\Finished\CQ17163.md","transformed_child_code","True"
"foc_finished","14225","44040200","child_code","44040203","44040203","due_process_equal_protection_routing",,"CONSTITUTIONAL_LAW","Procedural due process","C","C:\FOC\Workspace\Finished\CQ14225.md","transformed_child_code","True"
"foc_finished","17163","44040200","child_code","44040203","44040203","due_process_equal_protection_routing",,"CONSTITUTIONAL_LAW","State Deprivation","C","C:\FOC\Workspace\Finished\CQ17163.md","transformed_child_code","True"
"foc_finished","19025","44040200","child_code","44040203","44040203","due_process_equal_protection_routing",,"CONSTITUTIONAL_LAW","Procedural due process","A","C:\FOC\Workspace\Finished\CQ19025.md","transformed_child_code","True"
"foc_finished","20204","44040200","child_code","44040203","44040203","due_process_equal_protection_routing",,"Constitutional Law","Procedural due process","C","C:\FOC\Workspace\Finished\CQ20204.md","transformed_child_code","True"
"foc_finished","20330","44040200","child_code","44040203","44040203","due_process_equal_protection_routing",,"CONSTITUTIONAL_LAW","Procedural due process","C","C:\FOC\Workspace\Finished\CQ20330.md","transformed_child_code","True"
"foc_finished","22705","44040200","child_code","44040203","44040203","due_process_equal_protection_routing",,"CONSTITUTIONAL_LAW","Procedural due process","B","C:\FOC\Workspace\Finished\CQ22705.md","transformed_child_code","True"
"foc_finished","22726","44040200","child_code","44040203","44040203","due_process_equal_protection_routing",,"CONSTITUTIONAL_LAW","Procedural due process","C","C:\FOC\Workspace\Finished\CQ22726.md","transformed_child_code","True"
"foc_qbank","14225","44040200","child_code","44040203","44040203","due_process_equal_protection_routing",,"Constitutional Law","Individual Rights","A","C:\FOC\Workspace\QBank\14225.md","in_scope_child_code","True"
"foc_qbank","14228","44040200","child_code","44040203","44040203","due_process_equal_protection_routing",,"Constitutional Law","Individual Rights","D","C:\FOC\Workspace\QBank\14228.md","in_scope_child_code","False"
"foc_qbank","14230","44040200","child_code","44040203","44040203","due_process_equal_protection_routing",,"Constitutional Law","Individual Rights","C","C:\FOC\Workspace\QBank\14230.md","in_scope_child_code","False"
"foc_qbank","14247","44040200","child_code","44040203","44040203","due_process_equal_protection_routing",,"Constitutional Law","Individual Rights","C","C:\FOC\Workspace\QBank\14247.md","in_scope_child_code","False"
"foc_qbank","14253","44040200","child_code","44040203","44040203","due_process_equal_protection_routing",,"Constitutional Law","Individual Rights","C","C:\FOC\Workspace\QBank\14253.md","in_scope_child_code","False"
"foc_qbank","14267","44040200","child_code","44040203","44040203","due_process_equal_protection_routing",,"Constitutional Law","Individual Rights","C","C:\FOC\Workspace\QBank\14267.md","in_scope_child_code","False"
"foc_qbank","14281","44040200","child_code","44040203","44040203","due_process_equal_protection_routing",,"Constitutional Law","Individual Rights","C","C:\FOC\Workspace\QBank\14281.md","in_scope_child_code","False"
"foc_qbank","17341","44040200","child_code","44040203","44040203","due_process_equal_protection_routing",,"Constitutional Law","Individual Rights","B","C:\FOC\Workspace\QBank\17341.md","in_scope_child_code","False"
"foc_qbank","17641","44040200","child_code","44040203","44040203","due_process_equal_protection_routing",,"Constitutional Law","Individual Rights","B","C:\FOC\Workspace\QBank\17641.md","in_scope_child_code","False"
"foc_qbank","18130","44040200","child_code","44040203","44040203","due_process_equal_protection_routing",,"Constitutional Law","Individual Rights","D","C:\FOC\Workspace\QBank\18130.md","in_scope_child_code","False"
"foc_qbank","18872","44040200","child_code","44040203","44040203","due_process_equal_protection_routing",,"Constitutional Law","Individual Rights","B","C:\FOC\Workspace\QBank\18872.md","in_scope_child_code","False"
"foc_qbank","19260","44040200","child_code","44040203","44040203","due_process_equal_protection_routing",,"Constitutional Law","Individual Rights","A","C:\FOC\Workspace\QBank\19260.md","in_scope_child_code","False"
"foc_qbank","19621","44040200","child_code","44040203","44040203","due_process_equal_protection_routing",,"Constitutional Law","Individual Rights","B","C:\FOC\Workspace\QBank\19621.md","in_scope_child_code","False"
"foc_qbank","19697","44040200","child_code","44040203","44040203","due_process_equal_protection_routing",,"Constitutional Law","Individual Rights","B","C:\FOC\Workspace\QBank\19697.md","in_scope_child_code","False"
"foc_qbank","19708","44040200","child_code","44040203","44040203","due_process_equal_protection_routing",,"Constitutional Law","Individual Rights","A","C:\FOC\Workspace\QBank\19708.md","in_scope_child_code","False"
"foc_qbank","19979","44040200","child_code","44040203","44040203","due_process_equal_protection_routing",,"Constitutional Law","Individual Rights","C","C:\FOC\Workspace\QBank\19979.md","in_scope_child_code","False"
"foc_qbank","20204","44040200","child_code","44040203","44040203","due_process_equal_protection_routing",,"Constitutional Law","Individual Rights","A","C:\FOC\Workspace\QBank\20204.md","in_scope_child_code","True"
"foc_qbank","20443","44040200","child_code","44040203","44040203","due_process_equal_protection_routing",,"Constitutional Law","Individual Rights","A","C:\FOC\Workspace\QBank\20443.md","in_scope_child_code","False"
"foc_qbank","20557","44040200","child_code","44040203","44040203","due_process_equal_protection_routing",,"Constitutional Law","Individual Rights","B","C:\FOC\Workspace\QBank\20557.md","in_scope_child_code","False"
"foc_qbank","21122","44040200","child_code","44040203","44040203","due_process_equal_protection_routing",,"Constitutional Law","Individual Rights","D","C:\FOC\Workspace\QBank\21122.md","in_scope_child_code","False"
"foc_qbank","21337","44040200","child_code","44040203","44040203","due_process_equal_protection_routing",,"Constitutional Law","Individual Rights","B","C:\FOC\Workspace\QBank\21337.md","in_scope_child_code","False"
"foc_qbank","21656","44040200","child_code","44040203","44040203","due_process_equal_protection_routing",,"Constitutional Law","Individual Rights","B","C:\FOC\Workspace\QBank\21656.md","in_scope_child_code","False"
"foc_qbank","22601","44040200","child_code","44040203","44040203","due_process_equal_protection_routing",,"Constitutional Law","Individual Rights","A","C:\FOC\Workspace\QBank\22601.md","in_scope_child_code","False"
"foc_qbank","22616","44040200","child_code","44040203","44040203","due_process_equal_protection_routing",,"Constitutional Law","Individual Rights","D","C:\FOC\Workspace\QBank\22616.md","in_scope_child_code","False"
"foc_qbank","22622","44040200","child_code","44040203","44040203","due_process_equal_protection_routing",,"Constitutional Law","Individual Rights","B","C:\FOC\Workspace\QBank\22622.md","in_scope_child_code","False"
"foc_qbank","22637","44040200","child_code","44040203","44040203","due_process_equal_protection_routing",,"Constitutional Law","Individual Rights","B","C:\FOC\Workspace\QBank\22637.md","in_scope_child_code","False"
"foc_qbank","22654","44040200","child_code","44040203","44040203","due_process_equal_protection_routing",,"Constitutional Law","Individual Rights","D","C:\FOC\Workspace\QBank\22654.md","in_scope_child_code","False"
"foc_finished","17157","44040300","exact","44040300","44040300","due_process_equal_protection_routing",,"CONSTITUTIONAL_LAW","Equal Protection Clause","C","C:\FOC\Workspace\Finished\CQ17157.md","transformed_exact","True"
"foc_finished","17157","44040300","exact","44040300","44040300","due_process_equal_protection_routing",,"CONSTITUTIONAL_LAW","Equal Protection Clause","C","C:\FOC\Workspace\Finished\CQ17157_updated.md","transformed_exact","True"
"foc_qbank","17157","44040300","exact","44040300","44040300","due_process_equal_protection_routing",,"Constitutional Law","Individual Rights","B","C:\FOC\Workspace\QBank\17157.md","in_scope_exact","True"
"foc_qbank","17287","44040300","exact","44040300","44040300","due_process_equal_protection_routing",,"Constitutional Law","Individual Rights","B","C:\FOC\Workspace\QBank\17287.md","in_scope_exact","False"
"foc_qbank","17508","44040300","exact","44040300","44040300","due_process_equal_protection_routing",,"Constitutional Law","Individual Rights","C","C:\FOC\Workspace\QBank\17508.md","in_scope_exact","False"
"foc_qbank","17737","44040300","exact","44040300","44040300","due_process_equal_protection_routing",,"Constitutional Law","Individual Rights","B","C:\FOC\Workspace\QBank\17737.md","in_scope_exact","False"
"foc_qbank","17961","44040300","exact","44040300","44040300","due_process_equal_protection_routing",,"Constitutional Law","Individual Rights","A","C:\FOC\Workspace\QBank\17961.md","in_scope_exact","False"
"foc_qbank","18223","44040300","exact","44040300","44040300","due_process_equal_protection_routing",,"Constitutional Law","Individual Rights","A","C:\FOC\Workspace\QBank\18223.md","in_scope_exact","False"
"foc_qbank","18243","44040300","exact","44040300","44040300","due_process_equal_protection_routing",,"Constitutional Law","Individual Rights","C","C:\FOC\Workspace\QBank\18243.md","in_scope_exact","False"
"foc_qbank","18402","44040300","exact","44040300","44040300","due_process_equal_protection_routing",,"Constitutional Law","Individual Rights","B","C:\FOC\Workspace\QBank\18402.md","in_scope_exact","False"
"foc_qbank","18457","44040300","exact","44040300","44040300","due_process_equal_protection_routing",,"Constitutional Law","Individual Rights","A","C:\FOC\Workspace\QBank\18457.md","in_scope_exact","True"
"foc_qbank","20056","44040300","exact","44040300","44040300","due_process_equal_protection_routing",,"Constitutional Law","Individual Rights","B","C:\FOC\Workspace\QBank\20056.md","in_scope_exact","False"
"foc_qbank","20451","44040300","exact","44040300","44040300","due_process_equal_protection_routing",,"Constitutional Law","Individual Rights","C","C:\FOC\Workspace\QBank\20451.md","in_scope_exact","False"
"foc_qbank","20576","44040300","exact","44040300","44040300","due_process_equal_protection_routing",,"Constitutional Law","Individual Rights","C","C:\FOC\Workspace\QBank\20576.md","in_scope_exact","False"
"foc_qbank","20586","44040300","exact","44040300","44040300","due_process_equal_protection_routing",,"Constitutional Law","Individual Rights","A","C:\FOC\Workspace\QBank\20586.md","in_scope_exact","True"
"foc_qbank","22607","44040300","exact","44040300","44040300","due_process_equal_protection_routing",,"Constitutional Law","Individual Rights","D","C:\FOC\Workspace\QBank\22607.md","in_scope_exact","False"
"foc_qbank","22609","44040300","exact","44040300","44040300","due_process_equal_protection_routing",,"Constitutional Law","Individual Rights","D","C:\FOC\Workspace\QBank\22609.md","in_scope_exact","True"
"foc_qbank","22623","44040300","exact","44040300","44040300","due_process_equal_protection_routing",,"Constitutional Law","Individual Rights","C","C:\FOC\Workspace\QBank\22623.md","in_scope_exact","False"
"foc_qbank","22728","44040300","exact","44040300","44040300","due_process_equal_protection_routing",,"Constitutional Law","Individual Rights","C","C:\FOC\Workspace\QBank\22728.md","in_scope_exact","False"
"ccg_finished","18438","44040300","child_code","44040301","44040301","due_process_equal_protection_routing",,"CONSTITUTIONAL_LAW","Fundamental rights — right to interstate travel","D","C:\CCG\Finished\CQ18438.md","transformed_child_code","True"
"foc_finished","14234","44040300","child_code","44040301","44040301","due_process_equal_protection_routing",,"CONSTITUTIONAL_LAW","Fundamental rights","B","C:\FOC\Workspace\Finished\CQ14234.md","transformed_child_code","True"
"foc_finished","18438","44040300","child_code","44040301","44040301","due_process_equal_protection_routing",,"CONSTITUTIONAL_LAW","Fundamental rights — right to interstate travel","D","C:\FOC\Workspace\Finished\CQ18438.md","transformed_child_code","True"
"foc_qbank","14234","44040300","child_code","44040301","44040301","due_process_equal_protection_routing",,"Constitutional Law","Individual Rights","D","C:\FOC\Workspace\QBank\14234.md","in_scope_child_code","True"
"foc_qbank","14242","44040300","child_code","44040301","44040301","due_process_equal_protection_routing",,"Constitutional Law","Individual Rights","B","C:\FOC\Workspace\QBank\14242.md","in_scope_child_code","True"
"foc_qbank","14271","44040300","child_code","44040301","44040301","due_process_equal_protection_routing",,"Constitutional Law","Individual Rights","C","C:\FOC\Workspace\QBank\14271.md","in_scope_child_code","False"
"foc_qbank","17049","44040300","child_code","44040301","44040301","due_process_equal_protection_routing",,"Constitutional Law","Individual Rights","D","C:\FOC\Workspace\QBank\17049.md","in_scope_child_code","False"
"foc_qbank","17221","44040300","child_code","44040301","44040301","due_process_equal_protection_routing",,"Constitutional Law","Individual Rights","C","C:\FOC\Workspace\QBank\17221.md","in_scope_child_code","False"
"foc_qbank","17311","44040300","child_code","44040301","44040301","due_process_equal_protection_routing",,"Constitutional Law","Individual Rights","D","C:\FOC\Workspace\QBank\17311.md","in_scope_child_code","False"
"foc_qbank","17364","44040300","child_code","44040301","44040301","due_process_equal_protection_routing",,"Constitutional Law","Individual Rights","B","C:\FOC\Workspace\QBank\17364.md","in_scope_child_code","False"
"foc_qbank","17548","44040300","child_code","44040301","44040301","due_process_equal_protection_routing",,"Constitutional Law","Individual Rights","B","C:\FOC\Workspace\QBank\17548.md","in_scope_child_code","False"
"foc_qbank","18945","44040300","child_code","44040301","44040301","due_process_equal_protection_routing",,"Constitutional Law","Individual Rights","B","C:\FOC\Workspace\QBank\18945.md","in_scope_child_code","False"
"foc_qbank","18962","44040300","child_code","44040301","44040301","due_process_equal_protection_routing",,"Constitutional Law","Individual Rights","C","C:\FOC\Workspace\QBank\18962.md","in_scope_child_code","False"
"foc_qbank","19939","44040300","child_code","44040301","44040301","due_process_equal_protection_routing",,"Constitutional Law","Individual Rights","A","C:\FOC\Workspace\QBank\19939.md","in_scope_child_code","False"
"foc_qbank","21660","44040300","child_code","44040301","44040301","due_process_equal_protection_routing",,"Constitutional Law","Individual Rights","B","C:\FOC\Workspace\QBank\21660.md","in_scope_child_code","False"
"foc_qbank","22710","44040300","child_code","44040301","44040301","due_process_equal_protection_routing",,"Constitutional Law","Individual Rights","A","C:\FOC\Workspace\QBank\22710.md","in_scope_child_code","False"
"foc_qbank","22724","44040300","child_code","44040301","44040301","due_process_equal_protection_routing",,"Constitutional Law","Individual Rights","C","C:\FOC\Workspace\QBank\22724.md","in_scope_child_code","False"
"foc_finished","18134","44040300","child_code","44040302","44040302","due_process_equal_protection_routing",,"CONSTITUTIONAL_LAW","Establishing discrimination","C","C:\FOC\Workspace\Finished\CQ18134.md","transformed_child_code","True"
"foc_finished","19657","44040300","child_code","44040302","44040302","due_process_equal_protection_routing",,"CONSTITUTIONAL_LAW","Discriminatory purpose","C","C:\FOC\Workspace\Finished\CQ19657.md","transformed_child_code","True"
"foc_qbank","18134","44040300","child_code","44040302","44040302","due_process_equal_protection_routing",,"Constitutional Law","Individual Rights","B","C:\FOC\Workspace\QBank\18134.md","in_scope_child_code","True"
"foc_qbank","18806","44040300","child_code","44040302","44040302","due_process_equal_protection_routing",,"Constitutional Law","Individual Rights","A","C:\FOC\Workspace\QBank\18806.md","in_scope_child_code","False"
"foc_qbank","19657","44040300","child_code","44040302","44040302","due_process_equal_protection_routing",,"Constitutional Law","Individual Rights","B","C:\FOC\Workspace\QBank\19657.md","in_scope_child_code","True"
"foc_qbank","19704","44040300","child_code","44040302","44040302","due_process_equal_protection_routing",,"Constitutional Law","Individual Rights","A","C:\FOC\Workspace\QBank\19704.md","in_scope_child_code","False"
"foc_qbank","20495","44040300","child_code","44040302","44040302","due_process_equal_protection_routing",,"Constitutional Law","Individual Rights","D","C:\FOC\Workspace\QBank\20495.md","in_scope_child_code","False"
"foc_qbank","20568","44040300","child_code","44040302","44040302","due_process_equal_protection_routing",,"Constitutional Law","Individual Rights","B","C:\FOC\Workspace\QBank\20568.md","in_scope_child_code","False"
"foc_qbank","20775","44040300","child_code","44040302","44040302","due_process_equal_protection_routing",,"Constitutional Law","Individual Rights","B","C:\FOC\Workspace\QBank\20775.md","in_scope_child_code","False"
"foc_finished","17170","44040300","child_code","44040303","44040303","due_process_equal_protection_routing",,"CONSTITUTIONAL_LAW","Individual Rights","C","C:\FOC\Workspace\Finished\CQ17170.md","transformed_child_code","True"
"foc_finished","22609","44040300","child_code","44040303","44040303","due_process_equal_protection_routing",,"CONSTITUTIONAL_LAW","Individual Rights","B","C:\FOC\Workspace\Finished\CQ22609.md","transformed_child_code","True"
"foc_qbank","14233","44040300","child_code","44040303","44040303","due_process_equal_protection_routing",,"Constitutional Law","Individual Rights","C","C:\FOC\Workspace\QBank\14233.md","in_scope_child_code","True"
"foc_qbank","14239","44040300","child_code","44040303","44040303","due_process_equal_protection_routing",,"Constitutional Law","Individual Rights","A","C:\FOC\Workspace\QBank\14239.md","in_scope_child_code","False"
"foc_qbank","14240","44040300","child_code","44040303","44040303","due_process_equal_protection_routing",,"Constitutional Law","Individual Rights","D","C:\FOC\Workspace\QBank\14240.md","in_scope_child_code","False"
"foc_qbank","14254","44040300","child_code","44040303","44040303","due_process_equal_protection_routing",,"Constitutional Law","Individual Rights","B","C:\FOC\Workspace\QBank\14254.md","in_scope_child_code","False"
"foc_qbank","14279","44040300","child_code","44040303","44040303","due_process_equal_protection_routing",,"Constitutional Law","Individual Rights","B","C:\FOC\Workspace\QBank\14279.md","in_scope_child_code","False"
"foc_qbank","14284","44040300","child_code","44040303","44040303","due_process_equal_protection_routing",,"Constitutional Law","Individual Rights","C","C:\FOC\Workspace\QBank\14284.md","in_scope_child_code","False"
"foc_qbank","14289","44040300","child_code","44040303","44040303","due_process_equal_protection_routing",,"Constitutional Law","Individual Rights","A","C:\FOC\Workspace\QBank\14289.md","in_scope_child_code","False"
"foc_qbank","17059","44040300","child_code","44040303","44040303","due_process_equal_protection_routing",,"Constitutional Law","Individual Rights","B","C:\FOC\Workspace\QBank\17059.md","in_scope_child_code","False"
"foc_qbank","17145","44040300","child_code","44040303","44040303","due_process_equal_protection_routing",,"Constitutional Law","Individual Rights","C","C:\FOC\Workspace\QBank\17145.md","in_scope_child_code","False"
"foc_qbank","17170","44040300","child_code","44040303","44040303","due_process_equal_protection_routing",,"Constitutional Law","Individual Rights","A","C:\FOC\Workspace\QBank\17170.md","in_scope_child_code","True"
"foc_qbank","17189","44040300","child_code","44040303","44040303","due_process_equal_protection_routing",,"Constitutional Law","Individual Rights","C","C:\FOC\Workspace\QBank\17189.md","in_scope_child_code","False"
"foc_qbank","17212","44040300","child_code","44040303","44040303","due_process_equal_protection_routing",,"Constitutional Law","Individual Rights","B","C:\FOC\Workspace\QBank\17212.md","in_scope_child_code","False"
"foc_qbank","17217","44040300","child_code","44040303","44040303","due_process_equal_protection_routing",,"Constitutional Law","Individual Rights","C","C:\FOC\Workspace\QBank\17217.md","in_scope_child_code","False"
"foc_qbank","17306","44040300","child_code","44040303","44040303","due_process_equal_protection_routing",,"Constitutional Law","Individual Rights","C","C:\FOC\Workspace\QBank\17306.md","in_scope_child_code","False"
"foc_qbank","17418","44040300","child_code","44040303","44040303","due_process_equal_protection_routing",,"Constitutional Law","Individual Rights","C","C:\FOC\Workspace\QBank\17418.md","in_scope_child_code","False"
"foc_qbank","17475","44040300","child_code","44040303","44040303","due_process_equal_protection_routing",,"Constitutional Law","Individual Rights","A","C:\FOC\Workspace\QBank\17475.md","in_scope_child_code","False"
"foc_qbank","17535","44040300","child_code","44040303","44040303","due_process_equal_protection_routing",,"Constitutional Law","Individual Rights","B","C:\FOC\Workspace\QBank\17535.md","in_scope_child_code","False"
"foc_qbank","17596","44040300","child_code","44040303","44040303","due_process_equal_protection_routing",,"Constitutional Law","Individual Rights","A","C:\FOC\Workspace\QBank\17596.md","in_scope_child_code","False"
"foc_qbank","17616","44040300","child_code","44040303","44040303","due_process_equal_protection_routing",,"Constitutional Law","Individual Rights","B","C:\FOC\Workspace\QBank\17616.md","in_scope_child_code","False"
"foc_qbank","17788","44040300","child_code","44040303","44040303","due_process_equal_protection_routing",,"Constitutional Law","Individual Rights","B","C:\FOC\Workspace\QBank\17788.md","in_scope_child_code","False"
"foc_qbank","17797","44040300","child_code","44040303","44040303","due_process_equal_protection_routing",,"Constitutional Law","Individual Rights","C","C:\FOC\Workspace\QBank\17797.md","in_scope_child_code","False"
"foc_qbank","17911","44040300","child_code","44040303","44040303","due_process_equal_protection_routing",,"Constitutional Law","Individual Rights","B","C:\FOC\Workspace\QBank\17911.md","in_scope_child_code","False"
"foc_qbank","18380","44040300","child_code","44040303","44040303","due_process_equal_protection_routing",,"Constitutional Law","Individual Rights","B","C:\FOC\Workspace\QBank\18380.md","in_scope_child_code","False"
"foc_qbank","18391","44040300","child_code","44040303","44040303","due_process_equal_protection_routing",,"Constitutional Law","Individual Rights","C","C:\FOC\Workspace\QBank\18391.md","in_scope_child_code","False"
"foc_qbank","18438","44040300","child_code","44040303","44040303","due_process_equal_protection_routing",,"Constitutional Law","Individual Rights","A","C:\FOC\Workspace\QBank\18438.md","in_scope_child_code","True"
"foc_qbank","18513","44040300","child_code","44040303","44040303","due_process_equal_protection_routing",,"Constitutional Law","Individual Rights","C","C:\FOC\Workspace\QBank\18513.md","in_scope_child_code","False"
"foc_qbank","18514","44040300","child_code","44040303","44040303","due_process_equal_protection_routing",,"Constitutional Law","Individual Rights","C","C:\FOC\Workspace\QBank\18514.md","in_scope_child_code","False"
"foc_qbank","18547","44040300","child_code","44040303","44040303","due_process_equal_protection_routing",,"Constitutional Law","Individual Rights","B","C:\FOC\Workspace\QBank\18547.md","in_scope_child_code","False"
"foc_qbank","18800","44040300","child_code","44040303","44040303","due_process_equal_protection_routing",,"Constitutional Law","Individual Rights","B","C:\FOC\Workspace\QBank\18800.md","in_scope_child_code","False"
"foc_qbank","18855","44040300","child_code","44040303","44040303","due_process_equal_protection_routing",,"Constitutional Law","Individual Rights","C","C:\FOC\Workspace\QBank\18855.md","in_scope_child_code","False"
"foc_qbank","18977","44040300","child_code","44040303","44040303","due_process_equal_protection_routing",,"Constitutional Law","Individual Rights","C","C:\FOC\Workspace\QBank\18977.md","in_scope_child_code","False"
"foc_qbank","18995","44040300","child_code","44040303","44040303","due_process_equal_protection_routing",,"Constitutional Law","Individual Rights","C","C:\FOC\Workspace\QBank\18995.md","in_scope_child_code","False"
"foc_qbank","19034","44040300","child_code","44040303","44040303","due_process_equal_protection_routing",,"Constitutional Law","Individual Rights","C","C:\FOC\Workspace\QBank\19034.md","in_scope_child_code","False"
"foc_qbank","19227","44040300","child_code","44040303","44040303","due_process_equal_protection_routing",,"Constitutional Law","Individual Rights","A","C:\FOC\Workspace\QBank\19227.md","in_scope_child_code","False"
"foc_qbank","19424","44040300","child_code","44040303","44040303","due_process_equal_protection_routing",,"Constitutional Law","Individual Rights","A","C:\FOC\Workspace\QBank\19424.md","in_scope_child_code","False"
"foc_qbank","19664","44040300","child_code","44040303","44040303","due_process_equal_protection_routing",,"Constitutional Law","Individual Rights","A","C:\FOC\Workspace\QBank\19664.md","in_scope_child_code","False"
"foc_qbank","19794","44040300","child_code","44040303","44040303","due_process_equal_protection_routing",,"Constitutional Law","Individual Rights","C","C:\FOC\Workspace\QBank\19794.md","in_scope_child_code","False"
"foc_qbank","19935","44040300","child_code","44040303","44040303","due_process_equal_protection_routing",,"Constitutional Law","Individual Rights","B","C:\FOC\Workspace\QBank\19935.md","in_scope_child_code","False"
"foc_qbank","19997","44040300","child_code","44040303","44040303","due_process_equal_protection_routing",,"Constitutional Law","Individual Rights","B","C:\FOC\Workspace\QBank\19997.md","in_scope_child_code","False"
"foc_qbank","20107","44040300","child_code","44040303","44040303","due_process_equal_protection_routing",,"Constitutional Law","Individual Rights","B","C:\FOC\Workspace\QBank\20107.md","in_scope_child_code","False"
"foc_qbank","20254","44040300","child_code","44040303","44040303","due_process_equal_protection_routing",,"Constitutional Law","Individual Rights","B","C:\FOC\Workspace\QBank\20254.md","in_scope_child_code","False"
"foc_qbank","20559","44040300","child_code","44040303","44040303","due_process_equal_protection_routing",,"Constitutional Law","Individual Rights","C","C:\FOC\Workspace\QBank\20559.md","in_scope_child_code","False"
"foc_qbank","20675","44040300","child_code","44040303","44040303","due_process_equal_protection_routing",,"Constitutional Law","Individual Rights","B","C:\FOC\Workspace\QBank\20675.md","in_scope_child_code","False"
"foc_qbank","20778","44040300","child_code","44040303","44040303","due_process_equal_protection_routing",,"Constitutional Law","Individual Rights","A","C:\FOC\Workspace\QBank\20778.md","in_scope_child_code","False"
"foc_qbank","21098","44040300","child_code","44040303","44040303","due_process_equal_protection_routing",,"Constitutional Law","Individual Rights","C","C:\FOC\Workspace\QBank\21098.md","in_scope_child_code","False"
"foc_qbank","21180","44040300","child_code","44040303","44040303","due_process_equal_protection_routing",,"Constitutional Law","Individual Rights","C","C:\FOC\Workspace\QBank\21180.md","in_scope_child_code","False"
"foc_qbank","21283","44040300","child_code","44040303","44040303","due_process_equal_protection_routing",,"Constitutional Law","Individual Rights","C","C:\FOC\Workspace\QBank\21283.md","in_scope_child_code","False"
"foc_qbank","21304","44040300","child_code","44040303","44040303","due_process_equal_protection_routing",,"Constitutional Law","Individual Rights","C","C:\FOC\Workspace\QBank\21304.md","in_scope_child_code","False"
"foc_qbank","21419","44040300","child_code","44040303","44040303","due_process_equal_protection_routing",,"Constitutional Law","Individual Rights","C","C:\FOC\Workspace\QBank\21419.md","in_scope_child_code","False"
"foc_qbank","21455","44040300","child_code","44040303","44040303","due_process_equal_protection_routing",,"Constitutional Law","Individual Rights","A","C:\FOC\Workspace\QBank\21455.md","in_scope_child_code","False"
"foc_qbank","21623","44040300","child_code","44040303","44040303","due_process_equal_protection_routing",,"Constitutional Law","Individual Rights","B","C:\FOC\Workspace\QBank\21623.md","in_scope_child_code","False"
"foc_qbank","21661","44040300","child_code","44040303","44040303","due_process_equal_protection_routing",,"Constitutional Law","Individual Rights","A","C:\FOC\Workspace\QBank\21661.md","in_scope_child_code","False"
"foc_qbank","14241","44040300","child_code","44040304","44040304","due_process_equal_protection_routing",,"Constitutional Law","Individual Rights","D","C:\FOC\Workspace\QBank\14241.md","in_scope_child_code","False"
"foc_qbank","14285","44040300","child_code","44040304","44040304","due_process_equal_protection_routing",,"Constitutional Law","Individual Rights","A","C:\FOC\Workspace\QBank\14285.md","in_scope_child_code","False"
"foc_qbank","17523","44040300","child_code","44040304","44040304","due_process_equal_protection_routing",,"Constitutional Law","Individual Rights","B","C:\FOC\Workspace\QBank\17523.md","in_scope_child_code","False"
"foc_qbank","17528","44040300","child_code","44040304","44040304","due_process_equal_protection_routing",,"Constitutional Law","Individual Rights","B","C:\FOC\Workspace\QBank\17528.md","in_scope_child_code","False"
"foc_qbank","18128","44040300","child_code","44040304","44040304","due_process_equal_protection_routing",,"Constitutional Law","Individual Rights","C","C:\FOC\Workspace\QBank\18128.md","in_scope_child_code","False"
"foc_qbank","18373","44040300","child_code","44040304","44040304","due_process_equal_protection_routing",,"Constitutional Law","Individual Rights","D","C:\FOC\Workspace\QBank\18373.md","in_scope_child_code","False"
"foc_qbank","18604","44040300","child_code","44040304","44040304","due_process_equal_protection_routing",,"Constitutional Law","Individual Rights","D","C:\FOC\Workspace\QBank\18604.md","in_scope_child_code","False"
"foc_qbank","18630","44040300","child_code","44040304","44040304","due_process_equal_protection_routing",,"Constitutional Law","Individual Rights","B","C:\FOC\Workspace\QBank\18630.md","in_scope_child_code","False"
"foc_qbank","18686","44040300","child_code","44040304","44040304","due_process_equal_protection_routing",,"Constitutional Law","Individual Rights","B","C:\FOC\Workspace\QBank\18686.md","in_scope_child_code","False"
"foc_qbank","18896","44040300","child_code","44040304","44040304","due_process_equal_protection_routing",,"Constitutional Law","Individual Rights","C","C:\FOC\Workspace\QBank\18896.md","in_scope_child_code","False"
"foc_qbank","19526","44040300","child_code","44040304","44040304","due_process_equal_protection_routing",,"Constitutional Law","Individual Rights","C","C:\FOC\Workspace\QBank\19526.md","in_scope_child_code","False"
"foc_qbank","20148","44040300","child_code","44040304","44040304","due_process_equal_protection_routing",,"Constitutional Law","Individual Rights","C","C:\FOC\Workspace\QBank\20148.md","in_scope_child_code","False"
"foc_qbank","20279","44040300","child_code","44040304","44040304","due_process_equal_protection_routing",,"Constitutional Law","Individual Rights","C","C:\FOC\Workspace\QBank\20279.md","in_scope_child_code","False"
"foc_qbank","20545","44040300","child_code","44040304","44040304","due_process_equal_protection_routing",,"Constitutional Law","Individual Rights","B","C:\FOC\Workspace\QBank\20545.md","in_scope_child_code","False"
"foc_qbank","21147","44040300","child_code","44040304","44040304","due_process_equal_protection_routing",,"Constitutional Law","Individual Rights","C","C:\FOC\Workspace\QBank\21147.md","in_scope_child_code","True"
"foc_qbank","21390","44040300","child_code","44040304","44040304","due_process_equal_protection_routing",,"Constitutional Law","Individual Rights","B","C:\FOC\Workspace\QBank\21390.md","in_scope_child_code","False"
"foc_qbank","21452","44040300","child_code","44040304","44040304","due_process_equal_protection_routing",,"Constitutional Law","Individual Rights","C","C:\FOC\Workspace\QBank\21452.md","in_scope_child_code","False"
"ccg_finished","17680","44040300","child_code","44040305","44040305","due_process_equal_protection_routing",,"CONSTITUTIONAL_LAW","Rational basis with bite (animus toward a group)","A","C:\CCG\Finished\CQ17680.md","transformed_child_code","True"
"ccg_finished","19607","44040300","child_code","44040305","44040305","due_process_equal_protection_routing",,"CONSTITUTIONAL_LAW","Rational basis — non-fundamental right / education",,"C:\CCG\Finished\CQ19607.md","transformed_child_code","True"
"ccg_finished","20586","44040300","child_code","44040305","44040305","due_process_equal_protection_routing",,"CONSTITUTIONAL_LAW","Medical-use classifications",,"C:\CCG\Finished\CQ20586.md","transformed_child_code","True"
"foc_finished","14242","44040300","child_code","44040305","44040305","due_process_equal_protection_routing",,"CONSTITUTIONAL_LAW","Individual Rights","A","C:\FOC\Workspace\Finished\CQ14242.md","transformed_child_code","True"
"foc_finished","17680","44040300","child_code","44040305","44040305","due_process_equal_protection_routing",,"CONSTITUTIONAL_LAW","Rational basis with bite (animus toward a group)","A","C:\FOC\Workspace\Finished\CQ17680.md","transformed_child_code","True"
"foc_finished","19194","44040300","child_code","44040305","44040305","due_process_equal_protection_routing",,"CONSTITUTIONAL_LAW","Rational basis — sexual orientation / federal law / equal dignity",,"C:\FOC\Workspace\Finished\CQ19194.md","transformed_child_code","True"
"foc_finished","19194","44040300","child_code","44040305","44040305","due_process_equal_protection_routing",,"CONSTITUTIONAL_LAW","Rational basis — sexual orientation / federal law / equal dignity","D","C:\FOC\Workspace\Finished\CQ19194_updated.md","transformed_child_code","True"
"foc_finished","19607","44040300","child_code","44040305","44040305","due_process_equal_protection_routing",,"CONSTITUTIONAL_LAW","Rational basis — non-fundamental right / education","D","C:\FOC\Workspace\Finished\CQ19607_updated.md","transformed_child_code","True"
"foc_finished","19607","44040300","child_code","44040305","44040305","due_process_equal_protection_routing",,"CONSTITUTIONAL_LAW","Rational basis — non-fundamental right / education",,"C:\FOC\Workspace\Finished\CQ19607.md","transformed_child_code","True"
"foc_finished","20586","44040300","child_code","44040305","44040305","due_process_equal_protection_routing",,"CONSTITUTIONAL_LAW","Medical-use classifications",,"C:\FOC\Workspace\Finished\CQ20586.md","transformed_child_code","True"
"foc_finished","20586","44040300","child_code","44040305","44040305","due_process_equal_protection_routing",,"CONSTITUTIONAL_LAW","Medical-use classifications","C","C:\FOC\Workspace\Finished\CQ20586_updated.md","transformed_child_code","True"
"foc_finished","22645","44040300","child_code","44040305","44040305","due_process_equal_protection_routing",,"CONSTITUTIONAL_LAW","Individual Rights","B","C:\FOC\Workspace\Finished\CQ22645.md","transformed_child_code","True"
"foc_qbank","14231","44040300","child_code","44040305","44040305","due_process_equal_protection_routing",,"Constitutional Law","Individual Rights","C","C:\FOC\Workspace\QBank\14231.md","in_scope_child_code","True"
"foc_qbank","14246","44040300","child_code","44040305","44040305","due_process_equal_protection_routing",,"Constitutional Law","Individual Rights","A","C:\FOC\Workspace\QBank\14246.md","in_scope_child_code","False"
"foc_qbank","14264","44040300","child_code","44040305","44040305","due_process_equal_protection_routing",,"Constitutional Law","Individual Rights","D","C:\FOC\Workspace\QBank\14264.md","in_scope_child_code","False"
"foc_qbank","17083","44040300","child_code","44040305","44040305","due_process_equal_protection_routing",,"Constitutional Law","Individual Rights","C","C:\FOC\Workspace\QBank\17083.md","in_scope_child_code","False"
"foc_qbank","17150","44040300","child_code","44040305","44040305","due_process_equal_protection_routing",,"Constitutional Law","Individual Rights","C","C:\FOC\Workspace\QBank\17150.md","in_scope_child_code","False"
"foc_qbank","17680","44040300","child_code","44040305","44040305","due_process_equal_protection_routing",,"Constitutional Law","Individual Rights","B","C:\FOC\Workspace\QBank\17680.md","in_scope_child_code","True"
"foc_qbank","17729","44040300","child_code","44040305","44040305","due_process_equal_protection_routing",,"Constitutional Law","Individual Rights","C","C:\FOC\Workspace\QBank\17729.md","in_scope_child_code","False"
"foc_qbank","18099","44040300","child_code","44040305","44040305","due_process_equal_protection_routing",,"Constitutional Law","Individual Rights","B","C:\FOC\Workspace\QBank\18099.md","in_scope_child_code","False"
"foc_qbank","18462","44040300","child_code","44040305","44040305","due_process_equal_protection_routing",,"Constitutional Law","Individual Rights","B","C:\FOC\Workspace\QBank\18462.md","in_scope_child_code","False"
"foc_qbank","18470","44040300","child_code","44040305","44040305","due_process_equal_protection_routing",,"Constitutional Law","Individual Rights","C","C:\FOC\Workspace\QBank\18470.md","in_scope_child_code","False"
"foc_qbank","18893","44040300","child_code","44040305","44040305","due_process_equal_protection_routing",,"Constitutional Law","Individual Rights","A","C:\FOC\Workspace\QBank\18893.md","in_scope_child_code","False"
"foc_qbank","18918","44040300","child_code","44040305","44040305","due_process_equal_protection_routing",,"Constitutional Law","Individual Rights","C","C:\FOC\Workspace\QBank\18918.md","in_scope_child_code","False"
"foc_qbank","19194","44040300","child_code","44040305","44040305","due_process_equal_protection_routing",,"Constitutional Law","Individual Rights","C","C:\FOC\Workspace\QBank\19194.md","in_scope_child_code","True"
"foc_qbank","19354","44040300","child_code","44040305","44040305","due_process_equal_protection_routing",,"Constitutional Law","Individual Rights","C","C:\FOC\Workspace\QBank\19354.md","in_scope_child_code","False"
"foc_qbank","19607","44040300","child_code","44040305","44040305","due_process_equal_protection_routing",,"Constitutional Law","Individual Rights","C","C:\FOC\Workspace\QBank\19607.md","in_scope_child_code","True"
"foc_qbank","19775","44040300","child_code","44040305","44040305","due_process_equal_protection_routing",,"Constitutional Law","Individual Rights","C","C:\FOC\Workspace\QBank\19775.md","in_scope_child_code","False"
"foc_qbank","19927","44040300","child_code","44040305","44040305","due_process_equal_protection_routing",,"Constitutional Law","Individual Rights","B","C:\FOC\Workspace\QBank\19927.md","in_scope_child_code","False"
"foc_qbank","20251","44040300","child_code","44040305","44040305","due_process_equal_protection_routing",,"Constitutional Law","Individual Rights","C","C:\FOC\Workspace\QBank\20251.md","in_scope_child_code","False"
"foc_qbank","20339","44040300","child_code","44040305","44040305","due_process_equal_protection_routing",,"Constitutional Law","Individual Rights","B","C:\FOC\Workspace\QBank\20339.md","in_scope_child_code","False"
"foc_qbank","20389","44040300","child_code","44040305","44040305","due_process_equal_protection_routing",,"Constitutional Law","Individual Rights","A","C:\FOC\Workspace\QBank\20389.md","in_scope_child_code","False"
"foc_qbank","20535","44040300","child_code","44040305","44040305","due_process_equal_protection_routing",,"Constitutional Law","Individual Rights","A","C:\FOC\Workspace\QBank\20535.md","in_scope_child_code","False"
"foc_qbank","20583","44040300","child_code","44040305","44040305","due_process_equal_protection_routing",,"Constitutional Law","Individual Rights","C","C:\FOC\Workspace\QBank\20583.md","in_scope_child_code","False"
"foc_qbank","20838","44040300","child_code","44040305","44040305","due_process_equal_protection_routing",,"Constitutional Law","Individual Rights","C","C:\FOC\Workspace\QBank\20838.md","in_scope_child_code","False"
"foc_qbank","20877","44040300","child_code","44040305","44040305","due_process_equal_protection_routing",,"Constitutional Law","Individual Rights","C","C:\FOC\Workspace\QBank\20877.md","in_scope_child_code","False"
"foc_qbank","20904","44040300","child_code","44040305","44040305","due_process_equal_protection_routing",,"Constitutional Law","Individual Rights","A","C:\FOC\Workspace\QBank\20904.md","in_scope_child_code","False"
"foc_qbank","21013","44040300","child_code","44040305","44040305","due_process_equal_protection_routing",,"Constitutional Law","Individual Rights","C","C:\FOC\Workspace\QBank\21013.md","in_scope_child_code","False"
"foc_qbank","21317","44040300","child_code","44040305","44040305","due_process_equal_protection_routing",,"Constitutional Law","Individual Rights","B","C:\FOC\Workspace\QBank\21317.md","in_scope_child_code","False"
"foc_qbank","21809","44040300","child_code","44040305","44040305","due_process_equal_protection_routing",,"Constitutional Law","Individual Rights","A","C:\FOC\Workspace\QBank\21809.md","in_scope_child_code","False"
"foc_qbank","21834","44040300","child_code","44040305","44040305","due_process_equal_protection_routing",,"Constitutional Law","Individual Rights","C","C:\FOC\Workspace\QBank\21834.md","in_scope_child_code","False"
"foc_qbank","22646","44040300","child_code","44040305","44040305","due_process_equal_protection_routing",,"Constitutional Law","Individual Rights","C","C:\FOC\Workspace\QBank\22646.md","in_scope_child_code","False"
"foc_qbank","22661","44040300","child_code","44040305","44040305","due_process_equal_protection_routing",,"Constitutional Law","Individual Rights","A","C:\FOC\Workspace\QBank\22661.md","in_scope_child_code","False"
"foc_qbank","22664","44040300","child_code","44040305","44040305","due_process_equal_protection_routing",,"Constitutional Law","Individual Rights","C","C:\FOC\Workspace\QBank\22664.md","in_scope_child_code","False"
"ccg_finished","20153","44040501","exact","44040501","44040501","free_exercise",,"CONSTITUTIONAL_LAW","First Amendment Protections - Freedom of religion",,"C:\CCG\Finished\CQ20153.md","transformed_exact","True"
"ccg_finished","20231","44040501","exact","44040501","44040501","free_exercise",,"CONSTITUTIONAL_LAW","Free Exercise Clause",,"C:\CCG\Finished\CQ20231.md","transformed_exact","True"
"foc_finished","14236","44040501","exact","44040501","44040501","free_exercise",,"CONSTITUTIONAL_LAW","Freedom of religion","C","C:\FOC\Workspace\Finished\CQ14236.md","transformed_exact","True"
"foc_finished","20153","44040501","exact","44040501","44040501","free_exercise",,"CONSTITUTIONAL_LAW","First Amendment Protections - Freedom of religion","B","C:\FOC\Workspace\Finished\CQ20153_updated.md","transformed_exact","True"
"foc_finished","20153","44040501","exact","44040501","44040501","free_exercise",,"CONSTITUTIONAL_LAW","First Amendment Protections - Freedom of religion",,"C:\FOC\Workspace\Finished\CQ20153.md","transformed_exact","True"
"foc_finished","20231","44040501","exact","44040501","44040501","free_exercise",,"CONSTITUTIONAL_LAW","Free Exercise Clause",,"C:\FOC\Workspace\Finished\CQ20231.md","transformed_exact","True"
"foc_finished","20231","44040501","exact","44040501","44040501","free_exercise",,"CONSTITUTIONAL_LAW","Free Exercise Clause","C","C:\FOC\Workspace\Finished\CQ20231_updated.md","transformed_exact","True"
"foc_finished","20981","44040501","exact","44040501","44040501","free_exercise",,"CONSTITUTIONAL_LAW","Freedom of religion","A","C:\FOC\Workspace\Finished\CQ20981.md","transformed_exact","True"
"foc_finished","22592","44040501","exact","44040501","44040501","free_exercise",,"CONSTITUTIONAL_LAW","Freedom of religion","C","C:\FOC\Workspace\Finished\CQ22592.md","transformed_exact","True"
"foc_qbank","14236","44040501","exact","44040501","44040501","free_exercise",,"Constitutional Law","Individual Rights","D","C:\FOC\Workspace\QBank\14236.md","in_scope_exact","True"
"foc_qbank","14238","44040501","exact","44040501","44040501","free_exercise",,"Constitutional Law","Individual Rights","C","C:\FOC\Workspace\QBank\14238.md","in_scope_exact","False"
"foc_qbank","14272","44040501","exact","44040501","44040501","free_exercise",,"Constitutional Law","Individual Rights","C","C:\FOC\Workspace\QBank\14272.md","in_scope_exact","False"
"foc_qbank","14283","44040501","exact","44040501","44040501","free_exercise",,"Constitutional Law","Individual Rights","B","C:\FOC\Workspace\QBank\14283.md","in_scope_exact","False"
"foc_qbank","14288","44040501","exact","44040501","44040501","free_exercise",,"Constitutional Law","Individual Rights","D","C:\FOC\Workspace\QBank\14288.md","in_scope_exact","False"
"foc_qbank","17000","44040501","exact","44040501","44040501","free_exercise",,"Constitutional Law","Individual Rights","B","C:\FOC\Workspace\QBank\17000.md","in_scope_exact","False"
"foc_qbank","17016","44040501","exact","44040501","44040501","free_exercise",,"Constitutional Law","Individual Rights","C","C:\FOC\Workspace\QBank\17016.md","in_scope_exact","False"
"foc_qbank","17061","44040501","exact","44040501","44040501","free_exercise",,"Constitutional Law","Individual Rights","A","C:\FOC\Workspace\QBank\17061.md","in_scope_exact","False"
"foc_qbank","17415","44040501","exact","44040501","44040501","free_exercise",,"Constitutional Law","Individual Rights","B","C:\FOC\Workspace\QBank\17415.md","in_scope_exact","False"
"foc_qbank","17465","44040501","exact","44040501","44040501","free_exercise",,"Constitutional Law","Individual Rights","A","C:\FOC\Workspace\QBank\17465.md","in_scope_exact","False"
"foc_qbank","17695","44040501","exact","44040501","44040501","free_exercise",,"Constitutional Law","Individual Rights","B","C:\FOC\Workspace\QBank\17695.md","in_scope_exact","False"
"foc_qbank","17780","44040501","exact","44040501","44040501","free_exercise",,"Constitutional Law","Individual Rights","C","C:\FOC\Workspace\QBank\17780.md","in_scope_exact","False"
"foc_qbank","17958","44040501","exact","44040501","44040501","free_exercise",,"Constitutional Law","Individual Rights","B","C:\FOC\Workspace\QBank\17958.md","in_scope_exact","False"
"foc_qbank","18053","44040501","exact","44040501","44040501","free_exercise",,"Constitutional Law","Individual Rights","A","C:\FOC\Workspace\QBank\18053.md","in_scope_exact","False"
"foc_qbank","18349","44040501","exact","44040501","44040501","free_exercise",,"Constitutional Law","Individual Rights","B","C:\FOC\Workspace\QBank\18349.md","in_scope_exact","False"
"foc_qbank","18499","44040501","exact","44040501","44040501","free_exercise",,"Constitutional Law","Individual Rights","B","C:\FOC\Workspace\QBank\18499.md","in_scope_exact","False"
"foc_qbank","18820","44040501","exact","44040501","44040501","free_exercise",,"Constitutional Law","Individual Rights","B","C:\FOC\Workspace\QBank\18820.md","in_scope_exact","False"
"foc_qbank","18907","44040501","exact","44040501","44040501","free_exercise",,"Constitutional Law","Individual Rights","B","C:\FOC\Workspace\QBank\18907.md","in_scope_exact","False"
"foc_qbank","18975","44040501","exact","44040501","44040501","free_exercise",,"Constitutional Law","Individual Rights","B","C:\FOC\Workspace\QBank\18975.md","in_scope_exact","False"
"foc_qbank","18978","44040501","exact","44040501","44040501","free_exercise",,"Constitutional Law","Individual Rights","A","C:\FOC\Workspace\QBank\18978.md","in_scope_exact","False"
"foc_qbank","19032","44040501","exact","44040501","44040501","free_exercise",,"Constitutional Law","Individual Rights","D","C:\FOC\Workspace\QBank\19032.md","in_scope_exact","False"
"foc_qbank","19368","44040501","exact","44040501","44040501","free_exercise",,"Constitutional Law","Individual Rights","A","C:\FOC\Workspace\QBank\19368.md","in_scope_exact","False"
"foc_qbank","19639","44040501","exact","44040501","44040501","free_exercise",,"Constitutional Law","Individual Rights","B","C:\FOC\Workspace\QBank\19639.md","in_scope_exact","False"
"foc_qbank","19791","44040501","exact","44040501","44040501","free_exercise",,"Constitutional Law","Individual Rights","A","C:\FOC\Workspace\QBank\19791.md","in_scope_exact","False"
"foc_qbank","19837","44040501","exact","44040501","44040501","free_exercise",,"Constitutional Law","Individual Rights","C","C:\FOC\Workspace\QBank\19837.md","in_scope_exact","False"
"foc_qbank","19958","44040501","exact","44040501","44040501","free_exercise",,"Constitutional Law","Individual Rights","B","C:\FOC\Workspace\QBank\19958.md","in_scope_exact","False"
"foc_qbank","20153","44040501","exact","44040501","44040501","free_exercise",,"Constitutional Law","Individual Rights","D","C:\FOC\Workspace\QBank\20153.md","in_scope_exact","True"
"foc_qbank","20231","44040501","exact","44040501","44040501","free_exercise",,"Constitutional Law","Individual Rights","A","C:\FOC\Workspace\QBank\20231.md","in_scope_exact","True"
"foc_qbank","20437","44040501","exact","44040501","44040501","free_exercise",,"Constitutional Law","Individual Rights","B","C:\FOC\Workspace\QBank\20437.md","in_scope_exact","False"
"foc_qbank","20539","44040501","exact","44040501","44040501","free_exercise",,"Constitutional Law","Individual Rights","B","C:\FOC\Workspace\QBank\20539.md","in_scope_exact","False"
"foc_qbank","20666","44040501","exact","44040501","44040501","free_exercise",,"Constitutional Law","Individual Rights","B","C:\FOC\Workspace\QBank\20666.md","in_scope_exact","False"
"foc_qbank","20734","44040501","exact","44040501","44040501","free_exercise",,"Constitutional Law","Individual Rights","A","C:\FOC\Workspace\QBank\20734.md","in_scope_exact","False"
"foc_qbank","20944","44040501","exact","44040501","44040501","free_exercise",,"Constitutional Law","Individual Rights","A","C:\FOC\Workspace\QBank\20944.md","in_scope_exact","False"
"foc_qbank","20970","44040501","exact","44040501","44040501","free_exercise",,"Constitutional Law","Individual Rights","B","C:\FOC\Workspace\QBank\20970.md","in_scope_exact","False"
"foc_qbank","20981","44040501","exact","44040501","44040501","free_exercise",,"Constitutional Law","Individual Rights","C","C:\FOC\Workspace\QBank\20981.md","in_scope_exact","True"
"foc_qbank","21034","44040501","exact","44040501","44040501","free_exercise",,"Constitutional Law","Individual Rights","B","C:\FOC\Workspace\QBank\21034.md","in_scope_exact","False"
"foc_qbank","21086","44040501","exact","44040501","44040501","free_exercise",,"Constitutional Law","Individual Rights","B","C:\FOC\Workspace\QBank\21086.md","in_scope_exact","False"
"foc_qbank","21102","44040501","exact","44040501","44040501","free_exercise",,"Constitutional Law","Individual Rights","B","C:\FOC\Workspace\QBank\21102.md","in_scope_exact","False"
"foc_qbank","21185","44040501","exact","44040501","44040501","free_exercise",,"Constitutional Law","Individual Rights","B","C:\FOC\Workspace\QBank\21185.md","in_scope_exact","False"
"foc_qbank","21229","44040501","exact","44040501","44040501","free_exercise",,"Constitutional Law","Individual Rights","B","C:\FOC\Workspace\QBank\21229.md","in_scope_exact","False"
"foc_qbank","21285","44040501","exact","44040501","44040501","free_exercise",,"Constitutional Law","Individual Rights","A","C:\FOC\Workspace\QBank\21285.md","in_scope_exact","False"
"foc_qbank","21376","44040501","exact","44040501","44040501","free_exercise",,"Constitutional Law","Individual Rights","D","C:\FOC\Workspace\QBank\21376.md","in_scope_exact","False"
"foc_qbank","21575","44040501","exact","44040501","44040501","free_exercise",,"Constitutional Law","Individual Rights","D","C:\FOC\Workspace\QBank\21575.md","in_scope_exact","False"
"foc_qbank","21610","44040501","exact","44040501","44040501","free_exercise",,"Constitutional Law","Individual Rights","B","C:\FOC\Workspace\QBank\21610.md","in_scope_exact","False"
"foc_qbank","21674","44040501","exact","44040501","44040501","free_exercise",,"Constitutional Law","Individual Rights","B","C:\FOC\Workspace\QBank\21674.md","in_scope_exact","False"
"foc_qbank","21791","44040501","exact","44040501","44040501","free_exercise",,"Constitutional Law","Individual Rights","B","C:\FOC\Workspace\QBank\21791.md","in_scope_exact","False"
"foc_qbank","21846","44040501","exact","44040501","44040501","free_exercise",,"Constitutional Law","Individual Rights","B","C:\FOC\Workspace\QBank\21846.md","in_scope_exact","False"
"foc_qbank","22593","44040501","exact","44040501","44040501","free_exercise",,"Constitutional Law","Individual Rights","B","C:\FOC\Workspace\QBank\22593.md","in_scope_exact","False"
"foc_qbank","22638","44040501","exact","44040501","44040501","free_exercise",,"Constitutional Law","Individual Rights","D","C:\FOC\Workspace\QBank\22638.md","in_scope_exact","False"
"ccg_finished","17574","44040502","exact","44040502","44040502","first_amendment_speech_forum",,"CONSTITUTIONAL_LAW","Prior Restraints","B","C:\CCG\Finished\CQ17574.md","transformed_exact","True"
"foc_finished","14223","44040502","exact","44040502","44040502","first_amendment_speech_forum",,"CONSTITUTIONAL_LAW","Freedom of speech and expression","C","C:\FOC\Workspace\Finished\CQ14223.md","transformed_exact","True"
"foc_finished","17574","44040502","exact","44040502","44040502","first_amendment_speech_forum",,"CONSTITUTIONAL_LAW","Prior Restraints","B","C:\FOC\Workspace\Finished\CQ17574.md","transformed_exact","True"
"foc_finished","18911","44040502","exact","44040502","44040502","first_amendment_speech_forum",,"CONSTITUTIONAL_LAW","Freedom of speech and expression","C","C:\FOC\Workspace\Finished\CQ18911.md","transformed_exact","True"
"foc_finished","21147","44040502","exact","44040502","44040502","first_amendment_speech_forum",,"CONSTITUTIONAL_LAW","First Amendment Protections","B","C:\FOC\Workspace\Finished\CQ21147.md","transformed_exact","True"
"foc_qbank","14223","44040502","exact","44040502","44040502","first_amendment_speech_forum",,"Constitutional Law","Individual Rights","D","C:\FOC\Workspace\QBank\14223.md","in_scope_exact","True"
"foc_qbank","14224","44040502","exact","44040502","44040502","first_amendment_speech_forum",,"Constitutional Law","Individual Rights","B","C:\FOC\Workspace\QBank\14224.md","in_scope_exact","False"
"foc_qbank","14232","44040502","exact","44040502","44040502","first_amendment_speech_forum",,"Constitutional Law","Individual Rights","A","C:\FOC\Workspace\QBank\14232.md","in_scope_exact","False"
"foc_qbank","14243","44040502","exact","44040502","44040502","first_amendment_speech_forum",,"Constitutional Law","Individual Rights","C","C:\FOC\Workspace\QBank\14243.md","in_scope_exact","False"
"foc_qbank","14245","44040502","exact","44040502","44040502","first_amendment_speech_forum",,"Constitutional Law","Individual Rights","D","C:\FOC\Workspace\QBank\14245.md","in_scope_exact","False"
"foc_qbank","14249","44040502","exact","44040502","44040502","first_amendment_speech_forum",,"Constitutional Law","Individual Rights","D","C:\FOC\Workspace\QBank\14249.md","in_scope_exact","False"
"foc_qbank","14251","44040502","exact","44040502","44040502","first_amendment_speech_forum",,"Constitutional Law","Individual Rights","B","C:\FOC\Workspace\QBank\14251.md","in_scope_exact","False"
"foc_qbank","14252","44040502","exact","44040502","44040502","first_amendment_speech_forum",,"Constitutional Law","Individual Rights","D","C:\FOC\Workspace\QBank\14252.md","in_scope_exact","False"
"foc_qbank","14256","44040502","exact","44040502","44040502","first_amendment_speech_forum",,"Constitutional Law","Individual Rights","C","C:\FOC\Workspace\QBank\14256.md","in_scope_exact","False"
"foc_qbank","14257","44040502","exact","44040502","44040502","first_amendment_speech_forum",,"Constitutional Law","Individual Rights","A","C:\FOC\Workspace\QBank\14257.md","in_scope_exact","False"
"foc_qbank","14261","44040502","exact","44040502","44040502","first_amendment_speech_forum",,"Constitutional Law","Individual Rights","A","C:\FOC\Workspace\QBank\14261.md","in_scope_exact","False"
"foc_qbank","14262","44040502","exact","44040502","44040502","first_amendment_speech_forum",,"Constitutional Law","Individual Rights","B","C:\FOC\Workspace\QBank\14262.md","in_scope_exact","False"
"foc_qbank","14265","44040502","exact","44040502","44040502","first_amendment_speech_forum",,"Constitutional Law","Individual Rights","A","C:\FOC\Workspace\QBank\14265.md","in_scope_exact","False"
"foc_qbank","14266","44040502","exact","44040502","44040502","first_amendment_speech_forum",,"Constitutional Law","Individual Rights","D","C:\FOC\Workspace\QBank\14266.md","in_scope_exact","False"
"foc_qbank","14269","44040502","exact","44040502","44040502","first_amendment_speech_forum",,"Constitutional Law","Individual Rights","B","C:\FOC\Workspace\QBank\14269.md","in_scope_exact","False"
"foc_qbank","14273","44040502","exact","44040502","44040502","first_amendment_speech_forum",,"Constitutional Law","Individual Rights","D","C:\FOC\Workspace\QBank\14273.md","in_scope_exact","False"
"foc_qbank","14277","44040502","exact","44040502","44040502","first_amendment_speech_forum",,"Constitutional Law","Individual Rights","A","C:\FOC\Workspace\QBank\14277.md","in_scope_exact","False"
"foc_qbank","14290","44040502","exact","44040502","44040502","first_amendment_speech_forum",,"Constitutional Law","Individual Rights","B","C:\FOC\Workspace\QBank\14290.md","in_scope_exact","False"
"foc_qbank","14291","44040502","exact","44040502","44040502","first_amendment_speech_forum",,"Constitutional Law","Individual Rights","A","C:\FOC\Workspace\QBank\14291.md","in_scope_exact","False"
"foc_qbank","14292","44040502","exact","44040502","44040502","first_amendment_speech_forum",,"Constitutional Law","Individual Rights","D","C:\FOC\Workspace\QBank\14292.md","in_scope_exact","False"
"foc_qbank","17175","44040502","exact","44040502","44040502","first_amendment_speech_forum",,"Constitutional Law","Individual Rights","C","C:\FOC\Workspace\QBank\17175.md","in_scope_exact","False"
"foc_qbank","17197","44040502","exact","44040502","44040502","first_amendment_speech_forum",,"Constitutional Law","Individual Rights","A","C:\FOC\Workspace\QBank\17197.md","in_scope_exact","False"
"foc_qbank","17449","44040502","exact","44040502","44040502","first_amendment_speech_forum",,"Constitutional Law","Individual Rights","D","C:\FOC\Workspace\QBank\17449.md","in_scope_exact","False"
"foc_qbank","17477","44040502","exact","44040502","44040502","first_amendment_speech_forum",,"Constitutional Law","Individual Rights","C","C:\FOC\Workspace\QBank\17477.md","in_scope_exact","False"
"foc_qbank","17488","44040502","exact","44040502","44040502","first_amendment_speech_forum",,"Constitutional Law","Individual Rights","D","C:\FOC\Workspace\QBank\17488.md","in_scope_exact","False"
"foc_qbank","17574","44040502","exact","44040502","44040502","first_amendment_speech_forum",,"Constitutional Law","Individual Rights","A","C:\FOC\Workspace\QBank\17574.md","in_scope_exact","True"
"foc_qbank","17769","44040502","exact","44040502","44040502","first_amendment_speech_forum",,"Constitutional Law","Individual Rights","A","C:\FOC\Workspace\QBank\17769.md","in_scope_exact","False"
"foc_qbank","17858","44040502","exact","44040502","44040502","first_amendment_speech_forum",,"Constitutional Law","Individual Rights","C","C:\FOC\Workspace\QBank\17858.md","in_scope_exact","False"
"foc_qbank","17964","44040502","exact","44040502","44040502","first_amendment_speech_forum",,"Constitutional Law","Individual Rights","B","C:\FOC\Workspace\QBank\17964.md","in_scope_exact","False"
"foc_qbank","17994","44040502","exact","44040502","44040502","first_amendment_speech_forum",,"Constitutional Law","Individual Rights","B","C:\FOC\Workspace\QBank\17994.md","in_scope_exact","False"
"foc_qbank","18079","44040502","exact","44040502","44040502","first_amendment_speech_forum",,"Constitutional Law","Individual Rights","B","C:\FOC\Workspace\QBank\18079.md","in_scope_exact","False"
"foc_qbank","18190","44040502","exact","44040502","44040502","first_amendment_speech_forum",,"Constitutional Law","Individual Rights","C","C:\FOC\Workspace\QBank\18190.md","in_scope_exact","False"
"foc_qbank","18218","44040502","exact","44040502","44040502","first_amendment_speech_forum",,"Constitutional Law","Individual Rights","B","C:\FOC\Workspace\QBank\18218.md","in_scope_exact","False"
"foc_qbank","18220","44040502","exact","44040502","44040502","first_amendment_speech_forum",,"Constitutional Law","Individual Rights","C","C:\FOC\Workspace\QBank\18220.md","in_scope_exact","False"
"foc_qbank","18225","44040502","exact","44040502","44040502","first_amendment_speech_forum",,"Constitutional Law","Individual Rights","B","C:\FOC\Workspace\QBank\18225.md","in_scope_exact","False"
"foc_qbank","18463","44040502","exact","44040502","44040502","first_amendment_speech_forum",,"Constitutional Law","Individual Rights","B","C:\FOC\Workspace\QBank\18463.md","in_scope_exact","False"
"foc_qbank","18529","44040502","exact","44040502","44040502","first_amendment_speech_forum",,"Constitutional Law","Individual Rights","B","C:\FOC\Workspace\QBank\18529.md","in_scope_exact","False"
"foc_qbank","18571","44040502","exact","44040502","44040502","first_amendment_speech_forum",,"Constitutional Law","Individual Rights","C","C:\FOC\Workspace\QBank\18571.md","in_scope_exact","False"
"foc_qbank","18740","44040502","exact","44040502","44040502","first_amendment_speech_forum",,"Constitutional Law","Individual Rights","B","C:\FOC\Workspace\QBank\18740.md","in_scope_exact","False"
"foc_qbank","18783","44040502","exact","44040502","44040502","first_amendment_speech_forum",,"Constitutional Law","Individual Rights","D","C:\FOC\Workspace\QBank\18783.md","in_scope_exact","False"
"foc_qbank","18787","44040502","exact","44040502","44040502","first_amendment_speech_forum",,"Constitutional Law","Individual Rights","B","C:\FOC\Workspace\QBank\18787.md","in_scope_exact","False"
"foc_qbank","18903","44040502","exact","44040502","44040502","first_amendment_speech_forum",,"Constitutional Law","Individual Rights","C","C:\FOC\Workspace\QBank\18903.md","in_scope_exact","False"
"foc_qbank","18905","44040502","exact","44040502","44040502","first_amendment_speech_forum",,"Constitutional Law","Individual Rights","B","C:\FOC\Workspace\QBank\18905.md","in_scope_exact","False"
"foc_qbank","18911","44040502","exact","44040502","44040502","first_amendment_speech_forum",,"Constitutional Law","Individual Rights","B","C:\FOC\Workspace\QBank\18911.md","in_scope_exact","True"
"foc_qbank","19028","44040502","exact","44040502","44040502","first_amendment_speech_forum",,"Constitutional Law","Individual Rights","C","C:\FOC\Workspace\QBank\19028.md","in_scope_exact","False"
"foc_qbank","19211","44040502","exact","44040502","44040502","first_amendment_speech_forum",,"Constitutional Law","Individual Rights","D","C:\FOC\Workspace\QBank\19211.md","in_scope_exact","False"
"foc_qbank","19301","44040502","exact","44040502","44040502","first_amendment_speech_forum",,"Constitutional Law","Individual Rights","B","C:\FOC\Workspace\QBank\19301.md","in_scope_exact","False"
"foc_qbank","19303","44040502","exact","44040502","44040502","first_amendment_speech_forum",,"Constitutional Law","Individual Rights","C","C:\FOC\Workspace\QBank\19303.md","in_scope_exact","False"
"foc_qbank","19427","44040502","exact","44040502","44040502","first_amendment_speech_forum",,"Constitutional Law","Individual Rights","B","C:\FOC\Workspace\QBank\19427.md","in_scope_exact","False"
"foc_qbank","19452","44040502","exact","44040502","44040502","first_amendment_speech_forum",,"Constitutional Law","Individual Rights","C","C:\FOC\Workspace\QBank\19452.md","in_scope_exact","False"
"foc_qbank","19540","44040502","exact","44040502","44040502","first_amendment_speech_forum",,"Constitutional Law","Individual Rights","B","C:\FOC\Workspace\QBank\19540.md","in_scope_exact","False"
"foc_qbank","19541","44040502","exact","44040502","44040502","first_amendment_speech_forum",,"Constitutional Law","Individual Rights","C","C:\FOC\Workspace\QBank\19541.md","in_scope_exact","False"
"foc_qbank","19622","44040502","exact","44040502","44040502","first_amendment_speech_forum",,"Constitutional Law","Individual Rights","B","C:\FOC\Workspace\QBank\19622.md","in_scope_exact","False"
"foc_qbank","19730","44040502","exact","44040502","44040502","first_amendment_speech_forum",,"Constitutional Law","Individual Rights","C","C:\FOC\Workspace\QBank\19730.md","in_scope_exact","False"
"foc_qbank","19787","44040502","exact","44040502","44040502","first_amendment_speech_forum",,"Constitutional Law","Individual Rights","A","C:\FOC\Workspace\QBank\19787.md","in_scope_exact","False"
"foc_qbank","19810","44040502","exact","44040502","44040502","first_amendment_speech_forum",,"Constitutional Law","Individual Rights","B","C:\FOC\Workspace\QBank\19810.md","in_scope_exact","False"
"foc_qbank","19820","44040502","exact","44040502","44040502","first_amendment_speech_forum",,"Constitutional Law","Individual Rights","C","C:\FOC\Workspace\QBank\19820.md","in_scope_exact","False"
"foc_qbank","19875","44040502","exact","44040502","44040502","first_amendment_speech_forum",,"Constitutional Law","Individual Rights","A","C:\FOC\Workspace\QBank\19875.md","in_scope_exact","False"
"foc_qbank","19922","44040502","exact","44040502","44040502","first_amendment_speech_forum",,"Constitutional Law","Individual Rights","C","C:\FOC\Workspace\QBank\19922.md","in_scope_exact","False"
"foc_qbank","20104","44040502","exact","44040502","44040502","first_amendment_speech_forum",,"Constitutional Law","Individual Rights","C","C:\FOC\Workspace\QBank\20104.md","in_scope_exact","False"
"foc_qbank","20106","44040502","exact","44040502","44040502","first_amendment_speech_forum",,"Constitutional Law","Individual Rights","B","C:\FOC\Workspace\QBank\20106.md","in_scope_exact","False"
"foc_qbank","20146","44040502","exact","44040502","44040502","first_amendment_speech_forum",,"Constitutional Law","Individual Rights","C","C:\FOC\Workspace\QBank\20146.md","in_scope_exact","False"
"foc_qbank","20156","44040502","exact","44040502","44040502","first_amendment_speech_forum",,"Constitutional Law","Individual Rights","B","C:\FOC\Workspace\QBank\20156.md","in_scope_exact","False"
"foc_qbank","20163","44040502","exact","44040502","44040502","first_amendment_speech_forum",,"Constitutional Law","Individual Rights","B","C:\FOC\Workspace\QBank\20163.md","in_scope_exact","False"
"foc_qbank","20256","44040502","exact","44040502","44040502","first_amendment_speech_forum",,"Constitutional Law","Individual Rights","D","C:\FOC\Workspace\QBank\20256.md","in_scope_exact","False"
"foc_qbank","20278","44040502","exact","44040502","44040502","first_amendment_speech_forum",,"Constitutional Law","Individual Rights","C","C:\FOC\Workspace\QBank\20278.md","in_scope_exact","False"
"foc_qbank","20756","44040502","exact","44040502","44040502","first_amendment_speech_forum",,"Constitutional Law","Individual Rights","C","C:\FOC\Workspace\QBank\20756.md","in_scope_exact","False"
"foc_qbank","20818","44040502","exact","44040502","44040502","first_amendment_speech_forum",,"Constitutional Law","Individual Rights","A","C:\FOC\Workspace\QBank\20818.md","in_scope_exact","False"
"foc_qbank","21107","44040502","exact","44040502","44040502","first_amendment_speech_forum",,"Constitutional Law","Individual Rights","C","C:\FOC\Workspace\QBank\21107.md","in_scope_exact","False"
"foc_qbank","21310","44040502","exact","44040502","44040502","first_amendment_speech_forum",,"Constitutional Law","Individual Rights","C","C:\FOC\Workspace\QBank\21310.md","in_scope_exact","False"
"foc_qbank","21463","44040502","exact","44040502","44040502","first_amendment_speech_forum",,"Constitutional Law","Individual Rights","C","C:\FOC\Workspace\QBank\21463.md","in_scope_exact","False"
"foc_qbank","21733","44040502","exact","44040502","44040502","first_amendment_speech_forum",,"Constitutional Law","Individual Rights","C","C:\FOC\Workspace\QBank\21733.md","in_scope_exact","False"
"foc_qbank","21781","44040502","exact","44040502","44040502","first_amendment_speech_forum",,"Constitutional Law","Individual Rights","A","C:\FOC\Workspace\QBank\21781.md","in_scope_exact","False"
"foc_qbank","21782","44040502","exact","44040502","44040502","first_amendment_speech_forum",,"Constitutional Law","Individual Rights","D","C:\FOC\Workspace\QBank\21782.md","in_scope_exact","False"
"foc_qbank","21873","44040502","exact","44040502","44040502","first_amendment_speech_forum",,"Constitutional Law","Individual Rights","A","C:\FOC\Workspace\QBank\21873.md","in_scope_exact","False"
"foc_qbank","21881","44040502","exact","44040502","44040502","first_amendment_speech_forum",,"Constitutional Law","Individual Rights","C","C:\FOC\Workspace\QBank\21881.md","in_scope_exact","False"
"foc_qbank","22683","44040502","exact","44040502","44040502","first_amendment_speech_forum",,"Constitutional Law","Individual Rights","C","C:\FOC\Workspace\QBank\22683.md","in_scope_exact","False"
"foc_qbank","22685","44040502","exact","44040502","44040502","first_amendment_speech_forum",,"Constitutional Law","Individual Rights","D","C:\FOC\Workspace\QBank\22685.md","in_scope_exact","False"
